=== scripts/juror9-home-chapter.mjs p360 10:33:01
home.floating [{"tag":"div","cls":"curtain-panel","t":"","x":0,"y":800,"w":360,"h":800}]
home.cta {"x":26,"y":726,"width":308,"height":48}
home.eyebrow {"text":"Troy, New York · April 27, 1860","top":338,"bottom":354}
bakery.floating [{"tag":"div","cls":"curtain-panel","t":"","x":0,"y":800,"w":360,"h":800},{"tag":"div","cls":"cnwm-menu fixed top-[var(--ui-inset)] right-[var(--ui-inset)","t":"Home01Bakery02Commissioner’s Office03Gilbert Home0","x":268,"y":20,"w":72,"h":72}]
bakery.burger-after-scrolldown [{"tag":"div","cls":"curtain-panel","t":"","x":0,"y":800,"w":360,"h":800}]
bakery.burger-after-scrollup [{"tag":"div","cls":"curtain-panel","t":"","x":0,"y":800,"w":360,"h":800},{"tag":"div","cls":"cnwm-menu fixed top-[var(--ui-inset)] right-[var(--ui-inset)","t":"Home01Bakery02Commissioner’s Office03Gilbert Home0","x":268,"y":20,"w":72,"h":72}]
bakery.playbtn {"text":"","aria":"Play narration: Holeur’s Fashionable Bakery","box":{"x":20,"y":432.03125,"width":56,"height":56}}
bakery.audio [{"paused":false,"t":2.345684,"src":"ch1-bakery.mp3"}]
bakery.paras 8
bakery.audio-after-tap [{"paused":false,"t":4.040821}]
bakery.down-floating [{"tag":"div","cls":"curtain-panel","t":"","x":0,"y":800,"w":360,"h":800},{"tag":"div","cls":"fixed bottom-[var(--ui-inset)] left-[var(--ui-inset)] z-[999","t":"00:05","x":20,"y":718,"w":114,"h":62}]
bakery.up-floating [{"tag":"div","cls":"curtain-panel","t":"","x":0,"y":800,"w":360,"h":800},{"tag":"div","cls":"cnwm-menu fixed top-[var(--ui-inset)] right-[var(--ui-inset)","t":"Home01Bakery02Commissioner’s Office03Gilbert Home0","x":268,"y":20,"w":72,"h":72},{"tag":"div","cls":"fixed bottom-[var(--ui-inset)] left-[var(--ui-inset)] z-[999","t":"Spot 0100:06 / 01:41","x":20,"y":718,"w":161,"h":62}]
bakery.moral-colors {"heading":"rgb(246, 243, 238)","body":"rgb(255, 151, 112)","caption":"rgb(255, 151, 112)","headingText":"NOT ALL LAWSARE MORAL","bodyText":"(03)"}
bakery.onward-floating [{"tag":"div","cls":"curtain-panel","t":"","x":0,"y":800,"w":360,"h":800},{"tag":"div","cls":"fixed bottom-[var(--ui-inset)] left-[var(--ui-inset)] z-[999","t":"00:09","x":20,"y":726,"w":54,"h":54}]
bakery.footer-floating [{"tag":"div","cls":"curtain-panel","t":"","x":0,"y":800,"w":360,"h":800},{"tag":"div","cls":"fixed bottom-[var(--ui-inset)] left-[var(--ui-inset)] z-[999","t":"00:10","x":20,"y":726,"w":54,"h":54}]
bakery.continue-btn {"text":"Continue","b":{"x":86.578125,"y":0.328125,"width":186.84375,"height":48}}
after-continue.url "https://makeitnotable.github.io/Charles-Nalle-Walking-Memorial/commissioners-office"
barbershop.floating [{"tag":"div","cls":"curtain-panel","t":"","x":0,"y":800,"w":360,"h":800},{"tag":"div","cls":"cnwm-menu fixed top-[var(--ui-inset)] right-[var(--ui-inset)","t":"Home01Bakery02Commissioner’s Office03Gilbert Home0","x":268,"y":20,"w":72,"h":72}]
barbershop.story-order "ITTT"
co.sections ["hero-media","hero-lockup","scene-0","history","moral-0","moral-0-heading","hero-2","scene-1","moral-1","moral-1-heading","onward"]
co.players 2
co.playbtns [{"i":0,"aria":"Play narration: Commissioner’s Office, Pt 1","text":""},{"i":1,"aria":"Play narration: Commissioner’s Office, Pt 2","text":""}]
co.audio-p2 [{"paused":true,"t":0},{"paused":false,"t":1.955987}]
co.floating-in-part1 [{"tag":"div","cls":"curtain-panel","t":"","x":0,"y":800,"w":360,"h":800},{"tag":"div","cls":"cnwm-menu fixed top-[var(--ui-inset)] right-[var(--ui-inset)","t":"Home01Bakery02Commissioner’s Office03Gilbert Home0","x":268,"y":20,"w":72,"h":72},{"tag":"div","cls":"fixed bottom-[var(--ui-inset)] left-[var(--ui-inset)] z-[999","t":"Spot 02 · Pt 200:03 / 02:19","x":20,"y":718,"w":191,"h":62}]
co.audio-after-scroll [{"paused":true,"t":0},{"paused":false,"t":3.660678}]
co.foot-floating [{"tag":"div","cls":"curtain-panel","t":"","x":0,"y":800,"w":360,"h":800},{"tag":"div","cls":"fixed bottom-[var(--ui-inset)] left-[var(--ui-inset)] z-[999","t":"00:10","x":20,"y":726,"w":54,"h":54}]
console errors: []
--- exit 0 10:33:47
=== scripts/juror9-map.mjs p360 10:33:47
overview.markers [{"label":"Spot 1: Holeur’s Fashionable Bakery","x":303,"y":291,"w":0,"h":0,"cls":"mapboxgl-marker mapboxgl-marker-anchor-center","inner":"mapboxgl-marker mapboxgl-marker-anchor-center","current":null,"pressed":null,"inView":true},{"label":"Spot 2: Commissioner’s Office","x":215,"y":175,"w":0,"h":0,"cls":"mapboxgl-marker mapboxgl-marker-anchor-center","inner":"mapboxgl-marker mapboxgl-marker-anchor-center","current":null,"pressed":null,"inView":true},{"label":"Spot 3: Uri Gilbert Home","x":254,"y":359,"w":0,"h":0,"cls":"mapboxgl-marker mapboxgl-marker-anchor-center","inner":"mapboxgl-marker mapboxgl-marker-anchor-center","current":null,"pressed":null,"inView":true},{"label":"Spot 4: Washington Street Ferry Landing (no plaque","x":56,"y":618,"w":0,"h":0,"cls":"mapboxgl-marker mapboxgl-marker-anchor-center","inner":"mapboxgl-marker mapboxgl-marker-anchor-center","current":null,"pressed":null,"inView":true},{"label":"Spot 5: Peter Baltimore’s Barbershop","x":204,"y":166,"w":0,"h":0,"cls":"mapboxgl-marker mapboxgl-marker-anchor-center","inner":"mapboxgl-marker mapboxgl-marker-anchor-center","current":null,"pressed":null,"inView":true}]
overview.floating [{"tag":"div","cls":"curtain-panel","t":"","x":0,"y":800,"w":360,"h":800},{"tag":"div","cls":"cnwm-menu fixed bottom-[var(--ui-inset)] right-[var(--ui-ins","t":"Home01Bakery02Commissioner’s Office03Gilbert Home0","x":268,"y":708,"w":72,"h":72}]
overview.buttons {"Take the walk":{"x":52.6484375,"y":720,"width":206.703125,"height":48},"See Troy in 1858":{"x":179.953125,"y":20,"width":160.046875,"height":44}}
overview.scrollY 0
index.titles [{"t":"Holeur’s Fashionable Bakery","lines":1},{"t":"Commissioner’s Office","lines":1},{"t":"Uri Gilbert Home","lines":1},{"t":"Washington Street Ferry Landing","lines":1},{"t":"Peter Baltimore’s Barbershop","lines":1}]
take.btn {"x":52.6484375,"y":580,"width":206.703125,"height":48}
walk.scrollY-after-take 0
walk.buttons-1s {"Stop the walk":{"x":170.1875,"y":20,"width":169.8125,"height":38},"Back":{"x":20,"y":20,"width":108.953125,"height":38}}
walk.floating [{"tag":"div","cls":"curtain-panel","t":"","x":0,"y":800,"w":360,"h":800},{"tag":"div","cls":"fixed right-0 bottom-0 left-0 z-10 pb-[calc(var(--ui-inset)+","t":"Spot1Holeur’s Fashionable BakerySpot2Commissioner’","x":0,"y":572,"w":360,"h":228}]
walk.markers-4s [{"label":"Spot 1: Holeur’s Fashionable Bakery","x":321,"y":533,"w":0,"h":0,"cls":"mapboxgl-marker mapboxgl-marker-anchor-center","inner":"mapboxgl-marker mapboxgl-marker-anchor-center","current":null,"pressed":null,"inView":true},{"label":"Spot 2: Commissioner’s Office","x":95,"y":137,"w":0,"h":0,"cls":"mapboxgl-marker mapboxgl-marker-anchor-center","inner":"mapboxgl-marker mapboxgl-marker-anchor-center","current":null,"pressed":null,"inView":true},{"label":"Spot 3: Uri Gilbert Home","x":95,"y":891,"w":0,"h":0,"cls":"mapboxgl-marker mapboxgl-marker-anchor-center","inner":"mapboxgl-marker mapboxgl-marker-anchor-center","current":null,"pressed":null,"inView":false},{"label":"Spot 4: Washington Street Ferry Landing (no plaque","x":-5077,"y":8805,"w":0,"h":0,"cls":"mapboxgl-marker mapboxgl-marker-anchor-center","inner":"mapboxgl-marker mapboxgl-marker-anchor-center","current":null,"pressed":null,"inView":false},{"label":"Spot 5: Peter Baltimore’s Barbershop","x":70,"y":115,"w":0,"h":0,"cls":"mapboxgl-marker mapboxgl-marker-anchor-center","inner":"mapboxgl-marker mapboxgl-marker-anchor-center","current":null,"pressed":null,"inView":true}]
walk.cards-4s [{"x":-286,"w":302,"y":572,"h":128,"t":"Spot1Holeur’s\nFashionable Bake"},{"x":28,"w":302,"y":572,"h":128,"t":"Spot2Commissioner’s\nOffice"},{"x":343,"w":302,"y":572,"h":128,"t":"Spot3Uri Gilbert Home"},{"x":657,"w":302,"y":572,"h":128,"t":"Spot4Washington Street Ferry L"},{"x":972,"w":302,"y":572,"h":128,"t":"Spot5Peter Baltimore’s Barbers"}]
walk.markers-8s [{"label":"Spot 1: Holeur’s Fashionable Bakery","x":495,"y":133,"w":0,"h":0,"cls":"mapboxgl-marker mapboxgl-marker-anchor-center","inner":"mapboxgl-marker mapboxgl-marker-anchor-center","current":null,"pressed":null,"inView":false},{"label":"Spot 2: Commissioner’s Office","x":375,"y":-153,"w":0,"h":0,"cls":"mapboxgl-marker mapboxgl-marker-anchor-center","inner":"mapboxgl-marker mapboxgl-marker-anchor-center","current":null,"pressed":null,"inView":false},{"label":"Spot 3: Uri Gilbert Home","x":164,"y":321,"w":0,"h":0,"cls":"mapboxgl-marker mapboxgl-marker-anchor-center","inner":"mapboxgl-marker mapboxgl-marker-anchor-center","current":null,"pressed":null,"inView":true},{"label":"Spot 4: Washington Street Ferry Landing (no plaque","x":-3188,"y":2166,"w":0,"h":0,"cls":"mapboxgl-marker mapboxgl-marker-anchor-center","inner":"mapboxgl-marker mapboxgl-marker-anchor-center","current":null,"pressed":null,"inView":false},{"label":"Spot 5: Peter Baltimore’s Barbershop","x":356,"y":-169,"w":0,"h":0,"cls":"mapboxgl-marker mapboxgl-marker-anchor-center","inner":"mapboxgl-marker mapboxgl-marker-anchor-center","current":null,"pressed":null,"inView":false}]
walk.buttons-8s {"Stop the walk":{"x":170.1875,"y":20,"width":169.8125,"height":38},"Back":{"x":20,"y":20,"width":108.953125,"height":38}}
drag.buttons-immediately {"Continue":{"x":213.640625,"y":20,"width":126.359375,"height":38},"Back":{"x":20,"y":20,"width":108.953125,"height":38}}
drag.cards-after [{"x":-600,"w":302,"y":572,"h":128,"t":"Spot1Holeur’s\nFashionable Bake"},{"x":-286,"w":302,"y":572,"h":128,"t":"Spot2Commissioner’s\nOffice"},{"x":29,"w":302,"y":572,"h":128,"t":"Spot3Uri Gilbert Home"},{"x":343,"w":302,"y":572,"h":128,"t":"Spot4Washington Street Ferry L"},{"x":658,"w":302,"y":572,"h":128,"t":"Spot5Peter Baltimore’s Barbers"}]
drag.samples [-286,-286,-286,-286,-286,-298,-298,-309,-309,-321,-332,-332,-344,-344,-355,-367,-367,-379,-379,-390,-390,-402,-413,-413,-425,-425,-425,-392,-375,-355,-343,-330,-323,-317,-310,-306,-302,-300,-297,-295]
drag.markers [{"label":"Spot 1: Holeur’s Fashionable Bakery","x":648,"y":32,"w":0,"h":0,"cls":"mapboxgl-marker mapboxgl-marker-anchor-center","inner":"mapboxgl-marker mapboxgl-marker-anchor-center","current":null,"pressed":null,"inView":false},{"label":"Spot 2: Commissioner’s Office","x":440,"y":-277,"w":0,"h":0,"cls":"mapboxgl-marker mapboxgl-marker-anchor-center","inner":"mapboxgl-marker mapboxgl-marker-anchor-center","current":null,"pressed":null,"inView":false},{"label":"Spot 3: Uri Gilbert Home","x":180,"y":286,"w":0,"h":0,"cls":"mapboxgl-marker mapboxgl-marker-anchor-center","inner":"mapboxgl-marker mapboxgl-marker-anchor-center","current":null,"pressed":null,"inView":true},{"label":"Spot 4: Washington Street Ferry Landing (no plaque","x":-2472713,"y":1297996,"w":0,"h":0,"cls":"mapboxgl-marker mapboxgl-marker-anchor-center","inner":"mapboxgl-marker mapboxgl-marker-anchor-center","current":null,"pressed":null,"inView":false},{"label":"Spot 5: Peter Baltimore’s Barbershop","x":416,"y":-293,"w":0,"h":0,"cls":"mapboxgl-marker mapboxgl-marker-anchor-center","inner":"mapboxgl-marker mapboxgl-marker-anchor-center","current":null,"pressed":null,"inView":false}]
smalldrag.before [-600,-286,29,343,658]
smalldrag.after [-600,-286,29,343,658]
continue.btn {"t":"Continue","aria":"Continue the walk","b":{"x":213.640625,"y":20,"width":126.359375,"height":38}}
continue.buttons {"Stop the walk":{"x":170.1875,"y":20,"width":169.8125,"height":38},"Back":{"x":20,"y":20,"width":108.953125,"height":38}}
back.btn {"t":"Back to map","aria":"Back to map","b":{"x":20,"y":20,"width":108.953125,"height":38}}
back.markers [{"label":"Spot 1: Holeur’s Fashionable Bakery","x":303,"y":291,"w":0,"h":0,"cls":"mapboxgl-marker mapboxgl-marker-anchor-center","inner":"mapboxgl-marker mapboxgl-marker-anchor-center","current":null,"pressed":null,"inView":true},{"label":"Spot 2: Commissioner’s Office","x":215,"y":175,"w":0,"h":0,"cls":"mapboxgl-marker mapboxgl-marker-anchor-center","inner":"mapboxgl-marker mapboxgl-marker-anchor-center","current":null,"pressed":null,"inView":true},{"label":"Spot 3: Uri Gilbert Home","x":254,"y":359,"w":0,"h":0,"cls":"mapboxgl-marker mapboxgl-marker-anchor-center","inner":"mapboxgl-marker mapboxgl-marker-anchor-center","current":null,"pressed":null,"inView":true},{"label":"Spot 4: Washington Street Ferry Landing (no plaque","x":56,"y":618,"w":0,"h":0,"cls":"mapboxgl-marker mapboxgl-marker-anchor-center","inner":"mapboxgl-marker mapboxgl-marker-anchor-center","current":null,"pressed":null,"inView":true},{"label":"Spot 5: Peter Baltimore’s Barbershop","x":204,"y":166,"w":0,"h":0,"cls":"mapboxgl-marker mapboxgl-marker-anchor-center","inner":"mapboxgl-marker mapboxgl-marker-anchor-center","current":null,"pressed":null,"inView":true}]
back.buttons {"Take the walk":{"x":52.6484375,"y":720,"width":206.703125,"height":48},"See Troy in 1858":{"x":179.953125,"y":20,"width":160.046875,"height":44}}
back.floating [{"tag":"div","cls":"curtain-panel","t":"","x":0,"y":800,"w":360,"h":800},{"tag":"div","cls":"cnwm-menu fixed bottom-[var(--ui-inset)] right-[var(--ui-ins","t":"Home01Bakery02Commissioner’s Office03Gilbert Home0","x":268,"y":708,"w":72,"h":72}]
lens.btn {"x":179.953125,"y":20,"width":160.046875,"height":44}
lens.floating [{"tag":"div","cls":"curtain-panel","t":"","x":0,"y":800,"w":360,"h":800}]
lens.buttons {"Back":{"x":95.46875,"y":736,"width":169.046875,"height":44},"Back to today":{"x":95.46875,"y":736,"width":169.046875,"height":44}}
lens.caption [{"t":"+−⟲Troy, New York · 1858 · Library of CongressDrag to explore · pinch or scroll to zoomDrag to explore · pinch to zoomBack to today","lines":1,"r":[0,0,360,800]},{"t":"Drag to explore · pinch or scroll to zoomDrag to explore · pinch to zoom","lines":1,"r":[75,703,210,21]},{"t":"Drag to explore · pinch to zoom","lines":1,"r":[75,704,210,18]}]
lens.backtoday {"x":95.46875,"y":736,"width":169.046875,"height":44}
afterlens.buttons {"Take the walk":{"x":52.6484375,"y":720,"width":206.703125,"height":48},"See Troy in 1858":{"x":179.953125,"y":20,"width":160.046875,"height":44}}
afterlens.markers [{"label":"Spot 1: Holeur’s Fashionable Bakery","x":303,"y":291,"w":0,"h":0,"cls":"mapboxgl-marker mapboxgl-marker-anchor-center","inner":"mapboxgl-marker mapboxgl-marker-anchor-center","current":null,"pressed":null,"inView":true},{"label":"Spot 2: Commissioner’s Office","x":215,"y":175,"w":0,"h":0,"cls":"mapboxgl-marker mapboxgl-marker-anchor-center","inner":"mapboxgl-marker mapboxgl-marker-anchor-center","current":null,"pressed":null,"inView":true},{"label":"Spot 3: Uri Gilbert Home","x":254,"y":359,"w":0,"h":0,"cls":"mapboxgl-marker mapboxgl-marker-anchor-center","inner":"mapboxgl-marker mapboxgl-marker-anchor-center","current":null,"pressed":null,"inView":true},{"label":"Spot 4: Washington Street Ferry Landing (no plaque","x":56,"y":618,"w":0,"h":0,"cls":"mapboxgl-marker mapboxgl-marker-anchor-center","inner":"mapboxgl-marker mapboxgl-marker-anchor-center","current":null,"pressed":null,"inView":true},{"label":"Spot 5: Peter Baltimore’s Barbershop","x":204,"y":166,"w":0,"h":0,"cls":"mapboxgl-marker mapboxgl-marker-anchor-center","inner":"mapboxgl-marker mapboxgl-marker-anchor-center","current":null,"pressed":null,"inView":true}]
markertap.buttons {"Continue":{"x":213.640625,"y":20,"width":126.359375,"height":38},"Back":{"x":20,"y":20,"width":108.953125,"height":38}}
markertap.floating [{"tag":"div","cls":"curtain-panel","t":"","x":0,"y":800,"w":360,"h":800},{"tag":"div","cls":"fixed right-0 bottom-0 left-0 z-10 pb-[calc(var(--ui-inset)+","t":"Spot1Holeur’s Fashionable BakerySpot2Commissioner’","x":0,"y":572,"w":360,"h":228}]
menu.burger {"x":270.1600036621094,"y":722.1599731445312,"width":67.67999267578125,"height":67.67999267578125}
ERR locator.click: Timeout 30000ms exceeded.
Call log:
  - waiting for locator('button[aria-label*=\'menu\' i]').first()
    - locator resolved to <button type="button" aria-expanded="false" aria-label="Open menu" class="cnwm-menu-burger flex h-[72px] w-[72px] cursor-pointer items-center justify-center border border-primary-7 bg-primary-3 rounded-tl-xl rounded-tr-xl rounded-bl-xl rounded-br-4xl">…</button>
  - attempting click action
    2 × waiting for element to be visible, enabled and stable
      - element is visible, enabled and stable
      - scrolling into view if needed
      - done scrolling
      - <div aria-hidden="false" class="fixed right-0 bottom-0 left-0 z-10 pb-[calc(var(--ui-inset)+80px)] transition-opacity duration-300 sm:pb-[calc(var(--ui-inset)+96px)]">…</div> from <main id="main">…</main> subtree intercepts pointer events
    - retrying click action
    - waiting 20ms
    2 × waiting for element to be visible, enabled and stable
      - element is visible, enabled and stable
      - scrolling into view if needed
      - done scrolling
      - <div aria-hidden="false" class="fixed right-0 bottom-0 left-0 z-10 pb-[calc(var(--ui-inset)+80px)] transition-opacity duration-300 sm:pb-[calc(var(--ui-inset)+96px)]">…</div> from <main id="main">…</main> subtree intercepts pointer events
    - retrying click action
      - waiting 100ms
    57 × waiting for element to be visible, enabled and stable
       - element is visible, enabled and stable
       - scrolling into view if needed
       - done scrolling
       - <div aria-hidden="false" class="fixed right-0 bottom-0 left-0 z-10 pb-[calc(var(--ui-inset)+80px)] transition-opacity duration-300 sm:pb-[calc(var(--ui-inset)+96px)]">…</div> from <main id="main">…</main> subtree intercepts pointer events
     - retrying click action
       - waiting 500ms
    - waiting for element to be visible, enabled and stable
    - element is visible, enabled and stable
    - scrolling into view if needed

    at /Users/thebayniac/Documents/(A) Documents/(A) WBM Enterprises/(B) Notable/(B) Clients/Charles Nalle/cnwm-v2/scripts/juror9-map.mjs:181:50 {
  log: [
    "  - waiting for locator('button[aria-label*=\\'menu\\' i]').first()",
    '    - locator resolved to <button type="button" aria-expanded="false" aria-label="Open menu" class="cnwm-menu-burger flex h-[72px] w-[72px] cursor-pointer items-center justify-center border border-primary-7 bg-primary-3 rounded-tl-xl rounded-tr-xl rounded-bl-xl rounded-br-4xl">…</button>',
    '  - attempting click action',
    '    2 × waiting for element to be visible, enabled and stable',
    '      - element is visible, enabled and stable',
    '      - scrolling into view if needed',
    '      - done scrolling',
    '      - <div aria-hidden="false" class="fixed right-0 bottom-0 left-0 z-10 pb-[calc(var(--ui-inset)+80px)] transition-opacity duration-300 sm:pb-[calc(var(--ui-inset)+96px)]">…</div> from <main id="main">…</main> subtree intercepts pointer events',
    '    - retrying click action',
    '    - waiting 20ms',
    '    2 × waiting for element to be visible, enabled and stable',
    '      - element is visible, enabled and stable',
    '      - scrolling into view if needed',
    '      - done scrolling',
    '      - <div aria-hidden="false" class="fixed right-0 bottom-0 left-0 z-10 pb-[calc(var(--ui-inset)+80px)] transition-opacity duration-300 sm:pb-[calc(var(--ui-inset)+96px)]">…</div> from <main id="main">…</main> subtree intercepts pointer events',
    '    - retrying click action',
    '      - waiting 100ms',
    '    57 × waiting for element to be visible, enabled and stable',
    '       - element is visible, enabled and stable',
    '       - scrolling into view if needed',
    '       - done scrolling',
    '       - <div aria-hidden="false" class="fixed right-0 bottom-0 left-0 z-10 pb-[calc(var(--ui-inset)+80px)] transition-opacity duration-300 sm:pb-[calc(var(--ui-inset)+96px)]">…</div> from <main id="main">…</main> subtree intercepts pointer events',
    '     - retrying click action',
    '       - waiting 500ms',
    '    - waiting for element to be visible, enabled and stable',
    '    - element is visible, enabled and stable',
    '    - scrolling into view if needed'
  ],
  name: 'TimeoutError'
}
console errors: []
--- exit 0 10:34:53
=== scripts/juror9-museum.mjs p360 10:34:53
top.ui [{"t":"Skip to content","x":-999,"y":0,"w":148,"h":40,"lines":1,"tag":"a"},{"t":"Open menu","x":268,"y":20,"w":72,"h":72,"lines":1,"tag":"button"},{"t":"The paintings · 10 works","x":20,"y":112,"w":320,"h":16,"lines":1,"tag":"p"},{"t":"The Museum · scroll to walk · drag to look · tap a paintingScroll to w","x":99,"y":384,"w":162,"h":32,"lines":1,"tag":"p"},{"t":"Skip the hall","x":20,"y":332,"w":102,"h":38,"lines":1,"tag":"button"}]
top.stage {"top":312,"h":800,"scrollY":0}
top.state {"mode":"rail","railIdx":0,"railT":0,"approached":null,"zoom":1,"alive":-1,"look":{"yaw":0,"pitch":-0.0799999999999999,"dragYaw":0,"dragPitch":0},"sheet":"peek","fov":72,"portrait":true}
top.rect0 {"l":352,"t":487,"r":533,"b":795,"w":181,"h":308,"behind":false}
top.clickAt [350,641]
fromtop.state {"mode":"rail","railIdx":0,"railT":0,"approached":null,"zoom":1,"alive":-1,"look":{"yaw":0,"pitch":-0.07999999999999993,"dragYaw":0,"dragPitch":0},"sheet":"peek","fov":72,"portrait":true}
fromtop.stage {"top":312,"h":800,"scrollY":0}
fromtop.ui [{"t":"Skip to content","x":-999,"y":0,"w":148,"h":40,"lines":1,"tag":"a"},{"t":"Open menu","x":268,"y":20,"w":72,"h":72,"lines":1,"tag":"button"},{"t":"The paintings · 10 works","x":20,"y":112,"w":320,"h":16,"lines":1,"tag":"p"},{"t":"The Museum · scroll to walk · drag to look · tap a paintingScroll to w","x":99,"y":384,"w":162,"h":32,"lines":1,"tag":"p"},{"t":"Skip the hall","x":20,"y":332,"w":102,"h":38,"lines":1,"tag":"button"}]
fromtop.rect {"l":352,"t":487,"r":533,"b":795,"w":181,"h":308,"behind":false}
fromtop.back null
rail.total 13612
rail.0.12.state {"mode":"rail","railIdx":1,"railT":0.1835329861111111,"approached":null,"zoom":1,"alive":-1,"look":{"yaw":0,"pitch":-0.07999999999999995,"dragYaw":0,"dragPitch":0},"sheet":"peek","fov":72,"portrait":true}
rail.0.12.ui [{"t":"Open menu","x":270,"y":34,"w":68,"h":68,"lines":1,"tag":"button"},{"t":"The Museum · scroll to walk · drag to look · tap a paintingScroll to w","x":99,"y":72,"w":162,"h":32,"lines":1,"tag":"p"},{"t":"Skip the hall","x":20,"y":20,"w":102,"h":38,"lines":1,"tag":"button"},{"t":"Approach “Holeur’s Fashionable Bakery”","x":24,"y":752,"w":24,"h":24,"lines":1,"tag":"button"},{"t":"Approach “Commissioner’s Office”","x":56,"y":752,"w":24,"h":24,"lines":1,"tag":"button"},{"t":"Approach “Commissioner’s Office · Part 2”","x":88,"y":752,"w":24,"h":24,"lines":1,"tag":"button"},{"t":"Approach “Uri Gilbert Home”","x":120,"y":752,"w":24,"h":24,"lines":1,"tag":"button"},{"t":"Approach “Washington Street Ferry Landing”","x":152,"y":752,"w":24,"h":24,"lines":1,"tag":"button"},{"t":"Approach “Washington Street Ferry Landing · Narrative I”","x":184,"y":752,"w":24,"h":24,"lines":1,"tag":"button"},{"t":"Approach “Washington Street Ferry Landing · Narrative II”","x":216,"y":752,"w":24,"h":24,"lines":1,"tag":"button"},{"t":"Approach “Peter Baltimore’s Barbershop”","x":248,"y":752,"w":24,"h":24,"lines":1,"tag":"button"},{"t":"Approach “Peter Baltimore’s Barbershop · Narrative I”","x":280,"y":752,"w":24,"h":24,"lines":1,"tag":"button"},{"t":"Approach “Peter Baltimore’s Barbershop · Narrative II”","x":312,"y":752,"w":24,"h":24,"lines":1,"tag":"button"}]
rail.0.3.state {"mode":"rail","railIdx":4,"railT":0.5239496527777778,"approached":null,"zoom":1,"alive":-1,"look":{"yaw":0,"pitch":-0.07999999999999996,"dragYaw":0,"dragPitch":0},"sheet":"peek","fov":72,"portrait":true}
rail.0.3.ui [{"t":"Open menu","x":270,"y":34,"w":68,"h":68,"lines":1,"tag":"button"},{"t":"The Museum · scroll to walk · drag to look · tap a paintingScroll to w","x":99,"y":72,"w":162,"h":32,"lines":1,"tag":"p"},{"t":"Skip the hall","x":20,"y":20,"w":102,"h":38,"lines":1,"tag":"button"},{"t":"Approach “Holeur’s Fashionable Bakery”","x":24,"y":752,"w":24,"h":24,"lines":1,"tag":"button"},{"t":"Approach “Commissioner’s Office”","x":56,"y":752,"w":24,"h":24,"lines":1,"tag":"button"},{"t":"Approach “Commissioner’s Office · Part 2”","x":88,"y":752,"w":24,"h":24,"lines":1,"tag":"button"},{"t":"Approach “Uri Gilbert Home”","x":120,"y":752,"w":24,"h":24,"lines":1,"tag":"button"},{"t":"Approach “Washington Street Ferry Landing”","x":152,"y":752,"w":24,"h":24,"lines":1,"tag":"button"},{"t":"Approach “Washington Street Ferry Landing · Narrative I”","x":184,"y":752,"w":24,"h":24,"lines":1,"tag":"button"},{"t":"Approach “Washington Street Ferry Landing · Narrative II”","x":216,"y":752,"w":24,"h":24,"lines":1,"tag":"button"},{"t":"Approach “Peter Baltimore’s Barbershop”","x":248,"y":752,"w":24,"h":24,"lines":1,"tag":"button"},{"t":"Approach “Peter Baltimore’s Barbershop · Narrative I”","x":280,"y":752,"w":24,"h":24,"lines":1,"tag":"button"},{"t":"Approach “Peter Baltimore’s Barbershop · Narrative II”","x":312,"y":752,"w":24,"h":24,"lines":1,"tag":"button"}]
look.state {"mode":"rail","railIdx":4,"railT":0.5239496527777778,"approached":null,"zoom":1,"alive":-1,"look":{"yaw":-1.2093524603619852,"pitch":-0.07999999999999997,"dragYaw":-1.2098043877905031,"dragPitch":0},"sheet":"peek","fov":72,"portrait":true}
look.ui [{"t":"Open menu","x":270,"y":34,"w":68,"h":68,"lines":1,"tag":"button"},{"t":"Face forward","x":97,"y":72,"w":165,"h":38,"lines":1,"tag":"button"},{"t":"Skip the hall","x":20,"y":20,"w":102,"h":38,"lines":1,"tag":"button"},{"t":"Approach “Holeur’s Fashionable Bakery”","x":24,"y":752,"w":24,"h":24,"lines":1,"tag":"button"},{"t":"Approach “Commissioner’s Office”","x":56,"y":752,"w":24,"h":24,"lines":1,"tag":"button"},{"t":"Approach “Commissioner’s Office · Part 2”","x":88,"y":752,"w":24,"h":24,"lines":1,"tag":"button"},{"t":"Approach “Uri Gilbert Home”","x":120,"y":752,"w":24,"h":24,"lines":1,"tag":"button"},{"t":"Approach “Washington Street Ferry Landing”","x":152,"y":752,"w":24,"h":24,"lines":1,"tag":"button"},{"t":"Approach “Washington Street Ferry Landing · Narrative I”","x":184,"y":752,"w":24,"h":24,"lines":1,"tag":"button"},{"t":"Approach “Washington Street Ferry Landing · Narrative II”","x":216,"y":752,"w":24,"h":24,"lines":1,"tag":"button"},{"t":"Approach “Peter Baltimore’s Barbershop”","x":248,"y":752,"w":24,"h":24,"lines":1,"tag":"button"},{"t":"Approach “Peter Baltimore’s Barbershop · Narrative I”","x":280,"y":752,"w":24,"h":24,"lines":1,"tag":"button"},{"t":"Approach “Peter Baltimore’s Barbershop · Narrative II”","x":312,"y":752,"w":24,"h":24,"lines":1,"tag":"button"}]
look.faceForward {"x":97.421875,"y":72,"width":165.15625,"height":38}
look.afterFF {"mode":"rail","railIdx":4,"railT":0.5239496527777778,"approached":null,"zoom":1,"alive":-1,"look":{"yaw":-0.00009638118028846682,"pitch":-0.07999999999999999,"dragYaw":0,"dragPitch":0},"sheet":"peek","fov":72,"portrait":true}
approach.idx 5
approach.rectBefore {"l":-529,"t":-7,"r":-48,"b":602,"w":482,"h":609,"behind":false}
approach.state {"mode":"rail","railIdx":4,"railT":0.5239496527777778,"approached":null,"zoom":1,"alive":-1,"look":{"yaw":-3.923352489744723e-12,"pitch":-0.07999999999999999,"dragYaw":0,"dragPitch":0},"sheet":"peek","fov":72,"portrait":true}
approach.rect {"l":-529,"t":-7,"r":-48,"b":602,"w":482,"h":609,"behind":false}
approach.ui [{"t":"Open menu","x":270,"y":34,"w":68,"h":68,"lines":1,"tag":"button"},{"t":"The Museum · scroll to walk · drag to look · tap a paintingScroll to w","x":99,"y":72,"w":162,"h":32,"lines":1,"tag":"p"},{"t":"Skip the hall","x":20,"y":20,"w":102,"h":38,"lines":1,"tag":"button"},{"t":"Approach “Holeur’s Fashionable Bakery”","x":24,"y":752,"w":24,"h":24,"lines":1,"tag":"button"},{"t":"Approach “Commissioner’s Office”","x":56,"y":752,"w":24,"h":24,"lines":1,"tag":"button"},{"t":"Approach “Commissioner’s Office · Part 2”","x":88,"y":752,"w":24,"h":24,"lines":1,"tag":"button"},{"t":"Approach “Uri Gilbert Home”","x":120,"y":752,"w":24,"h":24,"lines":1,"tag":"button"},{"t":"Approach “Washington Street Ferry Landing”","x":152,"y":752,"w":24,"h":24,"lines":1,"tag":"button"},{"t":"Approach “Washington Street Ferry Landing · Narrative I”","x":184,"y":752,"w":24,"h":24,"lines":1,"tag":"button"},{"t":"Approach “Washington Street Ferry Landing · Narrative II”","x":216,"y":752,"w":24,"h":24,"lines":1,"tag":"button"},{"t":"Approach “Peter Baltimore’s Barbershop”","x":248,"y":752,"w":24,"h":24,"lines":1,"tag":"button"},{"t":"Approach “Peter Baltimore’s Barbershop · Narrative I”","x":280,"y":752,"w":24,"h":24,"lines":1,"tag":"button"},{"t":"Approach “Peter Baltimore’s Barbershop · Narrative II”","x":312,"y":752,"w":24,"h":24,"lines":1,"tag":"button"}]
approach.plaque [{"tag":"P","t":"Charles","lines":1,"x":66,"y":354,"w":228,"h":48},{"tag":"P","t":"Nalle","lines":1,"x":131,"y":398,"w":163,"h":48},{"tag":"P","t":"The Museum · scroll to walk · drag to look · tap a paintingScroll to walk · tap ","lines":1,"x":99,"y":72,"w":162,"h":32}]
alive.state {"mode":"rail","railIdx":4,"railT":0.5239496527777778,"approached":null,"zoom":1,"alive":-1,"look":{"yaw":-3.1821025775132397e-19,"pitch":-0.07999999999999999,"dragYaw":0,"dragPitch":0},"sheet":"peek","fov":72,"portrait":true}
alive.video [{"paused":true,"t":0,"w":0,"h":0}]
alive.afterSecondTap {"mode":"rail","railIdx":4,"railT":0.5239496527777778,"approached":null,"zoom":1,"alive":-1,"look":{"yaw":-8.082267344623397e-22,"pitch":-0.07999999999999999,"dragYaw":0,"dragPitch":0},"sheet":"peek","fov":72,"portrait":true}
sheet.handle null
back.btn null
last.state {"mode":"approach","railIdx":4,"railT":0.5239496527777778,"approached":9,"zoom":1,"alive":-1,"look":{"yaw":1.5707963219193921,"pitch":-2.4830739426215967e-10,"dragYaw":0,"dragPitch":0},"sheet":"peek","fov":72,"portrait":true}
last.rect {"l":52,"t":137,"r":308,"b":522,"w":257,"h":385,"behind":false}
last.ui [{"t":"Open menu","x":270,"y":34,"w":68,"h":68,"lines":1,"tag":"button"},{"t":"Back to the hall","x":20,"y":20,"w":195,"h":38,"lines":1,"tag":"button"},{"t":"Bring the painting to life","x":52,"y":137,"w":257,"h":385,"lines":1,"tag":"button"},{"t":"Expand the plaque","x":0,"y":646,"w":360,"h":154,"lines":1,"tag":"div"},{"t":"Mark Priest · Nalle Series · Spot 05","x":20,"y":674,"w":320,"h":16,"lines":1,"tag":"p"},{"t":"Approach “Holeur’s Fashionable Bakery”","x":24,"y":609,"w":24,"h":24,"lines":1,"tag":"button"},{"t":"Approach “Commissioner’s Office”","x":56,"y":609,"w":24,"h":24,"lines":1,"tag":"button"},{"t":"Approach “Commissioner’s Office · Part 2”","x":88,"y":609,"w":24,"h":24,"lines":1,"tag":"button"},{"t":"Approach “Uri Gilbert Home”","x":120,"y":609,"w":24,"h":24,"lines":1,"tag":"button"},{"t":"Approach “Washington Street Ferry Landing”","x":152,"y":609,"w":24,"h":24,"lines":1,"tag":"button"},{"t":"Approach “Washington Street Ferry Landing · Narrative I”","x":184,"y":609,"w":24,"h":24,"lines":1,"tag":"button"},{"t":"Approach “Washington Street Ferry Landing · Narrative II”","x":216,"y":609,"w":24,"h":24,"lines":1,"tag":"button"},{"t":"Approach “Peter Baltimore’s Barbershop”","x":248,"y":609,"w":24,"h":24,"lines":1,"tag":"button"},{"t":"Approach “Peter Baltimore’s Barbershop · Narrative I”","x":280,"y":609,"w":24,"h":24,"lines":1,"tag":"button"},{"t":"Approach “Peter Baltimore’s Barbershop · Narrative II”","x":312,"y":609,"w":24,"h":24,"lines":1,"tag":"button"}]
last.plaque []
esc.state {"mode":"rail","railIdx":4,"railT":0.5239496527777778,"approached":null,"zoom":1,"alive":-1,"look":{"yaw":0.00012913304897558764,"pitch":-0.07999342330782047,"dragYaw":0,"dragPitch":0},"sheet":"peek","fov":72,"portrait":true}
title.5.rect {"l":8,"t":233,"r":352,"b":426,"w":343,"h":193,"behind":false}
title.6.rect {"l":8,"t":233,"r":352,"b":426,"w":343,"h":193,"behind":false}
title.8.rect {"l":35,"t":233,"r":325,"b":426,"w":289,"h":193,"behind":false}
title.9.rect {"l":52,"t":137,"r":309,"b":522,"w":257,"h":385,"behind":false}
titles {"5":[],"6":[],"8":[],"9":[]}
kb.focusBeforeEnter {"t":"Approach “Washington Street Ferry Landin","tag":"BUTTON","outline":"solid 2px rgb(242, 104, 53)","boxShadow":"none","fv":true}
kb.tabs [{"t":"Skip to content","tag":"A","outline":"solid 2px rgb(242, 104, 53)","boxShadow":"none","fv":true},{"t":"Open menu","tag":"BUTTON","outline":"solid 2px rgb(242, 104, 53)","boxShadow":"none","fv":true},{"t":"Skip the hall","tag":"BUTTON","outline":"solid 2px rgb(242, 104, 53)","boxShadow":"none","fv":true},{"t":"Approach “Holeur’s Fashionable Bakery”","tag":"BUTTON","outline":"solid 2px rgb(242, 105, 54)","boxShadow":"none","fv":true},{"t":"Approach “Commissioner’s Office”","tag":"BUTTON","outline":"solid 2px rgb(242, 105, 54)","boxShadow":"none","fv":true},{"t":"Approach “Commissioner’s Office · Part 2","tag":"BUTTON","outline":"solid 2px rgb(242, 105, 54)","boxShadow":"none","fv":true},{"t":"Approach “Uri Gilbert Home”","tag":"BUTTON","outline":"solid 2px rgb(242, 105, 54)","boxShadow":"none","fv":true},{"t":"Approach “Washington Street Ferry Landin","tag":"BUTTON","outline":"solid 2px rgb(242, 105, 54)","boxShadow":"none","fv":true}]
kb.afterEnter {"mode":"approach","railIdx":0,"railT":0.050616319444444446,"approached":4,"zoom":1,"alive":-1,"look":{"yaw":-1.570795102832743,"pitch":-6.233588060635044e-8,"dragYaw":0,"dragPitch":0},"sheet":"peek","fov":83.9902947989861,"portrait":true}
kb.afterRight {"mode":"approach","railIdx":0,"railT":0.050616319444444446,"approached":5,"zoom":1,"alive":-1,"look":{"yaw":1.5706033171477145,"pitch":-2.6619061707373e-12,"dragYaw":0,"dragPitch":0},"sheet":"peek","fov":83.9902947989861,"portrait":true}
kb.afterEsc {"mode":"rail","railIdx":0,"railT":0.050616319444444446,"approached":null,"zoom":1,"alive":-1,"look":{"yaw":0.00013123247672729645,"pitch":-0.0799933155635015,"dragYaw":0,"dragPitch":0},"sheet":"peek","fov":72.01297159446565,"portrait":true}
kb.focusAfterEsc {"t":"Approach “Washington Street Ferry Landin","tag":"BUTTON","outline":"solid 2px rgb(242, 104, 53)","boxShadow":"none","fv":true}
kb.afterLeftInRail {"mode":"rail","railIdx":0,"railT":0.050616319444444446,"approached":null,"zoom":1,"alive":-1,"look":{"yaw":0.34980925111597566,"pitch":-0.07999999654425802,"dragYaw":0.35,"dragPitch":0},"sheet":"peek","fov":72.00994736189854,"portrait":true}
menu.open [{"t":"Skip to content","x":-999,"y":0,"w":148,"h":40,"lines":1,"tag":"a"},{"t":"Close menu","x":44,"y":21,"w":295,"h":57,"lines":1,"tag":"button"},{"t":"Home","x":76,"y":110,"w":231,"h":16,"lines":1,"tag":"a"},{"t":"01Bakery","x":76,"y":158,"w":231,"h":30,"lines":1,"tag":"a"},{"t":"01","x":76,"y":169,"w":32,"h":16,"lines":1,"tag":"span"},{"t":"02Commissioner’s Office","x":76,"y":208,"w":231,"h":60,"lines":1,"tag":"a"},{"t":"02","x":76,"y":219,"w":32,"h":16,"lines":1,"tag":"span"},{"t":"03Gilbert Home","x":76,"y":288,"w":231,"h":60,"lines":1,"tag":"a"},{"t":"03","x":76,"y":299,"w":32,"h":16,"lines":1,"tag":"span"},{"t":"04Ferry Landing","x":76,"y":368,"w":231,"h":60,"lines":1,"tag":"a"},{"t":"04","x":76,"y":379,"w":32,"h":16,"lines":1,"tag":"span"},{"t":"05Barbershop","x":76,"y":447,"w":231,"h":30,"lines":1,"tag":"a"},{"t":"05","x":76,"y":458,"w":32,"h":16,"lines":1,"tag":"span"},{"t":"Map","x":76,"y":544,"w":57,"h":24,"lines":1,"tag":"a"},{"t":"The people","x":76,"y":587,"w":118,"h":24,"lines":1,"tag":"a"},{"t":"The paintings","x":76,"y":629,"w":142,"h":24,"lines":1,"tag":"a"},{"t":"About","x":76,"y":671,"w":76,"h":24,"lines":1,"tag":"a"},{"t":"The paintings · 10 works","x":20,"y":112,"w":320,"h":16,"lines":1,"tag":"p"},{"t":"The Museum · scroll to walk · drag to look · tap a paintingScroll to w","x":99,"y":384,"w":162,"h":32,"lines":1,"tag":"p"},{"t":"Skip the hall","x":20,"y":332,"w":102,"h":38,"lines":1,"tag":"button"}]
menu.closed "false"
menu.afterDown {"x":270,"y":34,"op":"0","vis":"visible","tr":"matrix(0.94, 0, 0, 0.94, 0, 12)"}
menu.afterUp {"x":268,"y":20,"op":"1","vis":"visible","tr":"none"}
console errors: []
--- exit 0 10:35:59
=== scripts/juror9-home-chapter.mjs t768 10:35:59
home.floating [{"tag":"div","cls":"curtain-panel","t":"","x":0,"y":1024,"w":768,"h":1024}]
home.cta {"x":259.0625,"y":878.828125,"width":249.875,"height":48}
home.eyebrow {"text":"Troy, New York · April 27, 1860","top":440,"bottom":456}
bakery.floating [{"tag":"div","cls":"curtain-panel","t":"","x":0,"y":1024,"w":768,"h":1024},{"tag":"div","cls":"cnwm-menu fixed top-[var(--ui-inset)] right-[var(--ui-inset)","t":"Home01Bakery02Commissioner’s Office03Gilbert Home0","x":656,"y":40,"w":72,"h":72}]
bakery.burger-after-scrolldown [{"tag":"div","cls":"curtain-panel","t":"","x":0,"y":1024,"w":768,"h":1024}]
bakery.burger-after-scrollup [{"tag":"div","cls":"curtain-panel","t":"","x":0,"y":1024,"w":768,"h":1024},{"tag":"div","cls":"cnwm-menu fixed top-[var(--ui-inset)] right-[var(--ui-inset)","t":"Home01Bakery02Commissioner’s Office03Gilbert Home0","x":656,"y":40,"w":72,"h":72}]
bakery.playbtn {"text":"","aria":"Play narration: Holeur’s Fashionable Bakery","box":{"x":40,"y":699.9375,"width":56,"height":56}}
bakery.audio [{"paused":false,"t":2.364267,"src":"ch1-bakery.mp3"}]
bakery.paras 8
bakery.audio-after-tap [{"paused":false,"t":4.040213}]
bakery.down-floating [{"tag":"div","cls":"curtain-panel","t":"","x":0,"y":1024,"w":768,"h":1024},{"tag":"div","cls":"fixed bottom-[var(--ui-inset)] left-[var(--ui-inset)] z-[999","t":"00:05","x":40,"y":922,"w":114,"h":62}]
bakery.up-floating [{"tag":"div","cls":"curtain-panel","t":"","x":0,"y":1024,"w":768,"h":1024},{"tag":"div","cls":"cnwm-menu fixed top-[var(--ui-inset)] right-[var(--ui-inset)","t":"Home01Bakery02Commissioner’s Office03Gilbert Home0","x":656,"y":40,"w":72,"h":72},{"tag":"div","cls":"fixed bottom-[var(--ui-inset)] left-[var(--ui-inset)] z-[999","t":"Spot 0100:07 / 01:41","x":40,"y":922,"w":161,"h":62}]
bakery.moral-colors {"heading":"rgb(246, 243, 238)","body":"rgb(255, 151, 112)","caption":"rgb(255, 151, 112)","headingText":"NOT ALL LAWSARE MORAL","bodyText":"(03)"}
bakery.onward-floating [{"tag":"div","cls":"curtain-panel","t":"","x":0,"y":1024,"w":768,"h":1024},{"tag":"div","cls":"fixed bottom-[var(--ui-inset)] left-[var(--ui-inset)] z-[999","t":"00:10","x":40,"y":922,"w":114,"h":62}]
bakery.footer-floating [{"tag":"div","cls":"curtain-panel","t":"","x":0,"y":1024,"w":768,"h":1024},{"tag":"div","cls":"fixed bottom-[var(--ui-inset)] left-[var(--ui-inset)] z-[999","t":"00:11","x":40,"y":922,"w":114,"h":62}]
bakery.continue-btn {"text":"Continue","b":{"x":160.125,"y":387.53125,"width":186.84375,"height":48}}
after-continue.url "https://makeitnotable.github.io/Charles-Nalle-Walking-Memorial/commissioners-office"
barbershop.floating [{"tag":"div","cls":"curtain-panel","t":"","x":0,"y":1024,"w":768,"h":1024},{"tag":"div","cls":"cnwm-menu fixed top-[var(--ui-inset)] right-[var(--ui-inset)","t":"Home01Bakery02Commissioner’s Office03Gilbert Home0","x":656,"y":40,"w":72,"h":72}]
barbershop.story-order "ITTT"
co.sections ["hero-media","hero-lockup","scene-0","history","moral-0","moral-0-heading","hero-2","scene-1","moral-1","moral-1-heading","onward"]
co.players 2
co.playbtns [{"i":0,"aria":"Play narration: Commissioner’s Office, Pt 1","text":""},{"i":1,"aria":"Play narration: Commissioner’s Office, Pt 2","text":""}]
co.audio-p2 [{"paused":true,"t":0},{"paused":false,"t":2.009631}]
co.floating-in-part1 [{"tag":"div","cls":"curtain-panel","t":"","x":0,"y":1024,"w":768,"h":1024},{"tag":"div","cls":"cnwm-menu fixed top-[var(--ui-inset)] right-[var(--ui-inset)","t":"Home01Bakery02Commissioner’s Office03Gilbert Home0","x":656,"y":40,"w":72,"h":72},{"tag":"div","cls":"fixed bottom-[var(--ui-inset)] left-[var(--ui-inset)] z-[999","t":"Spot 02 · Pt 200:03 / 02:19","x":40,"y":922,"w":191,"h":62}]
co.audio-after-scroll [{"paused":true,"t":0},{"paused":false,"t":3.726105}]
co.foot-floating [{"tag":"div","cls":"curtain-panel","t":"","x":0,"y":1024,"w":768,"h":1024},{"tag":"div","cls":"fixed bottom-[var(--ui-inset)] left-[var(--ui-inset)] z-[999","t":"00:11","x":40,"y":922,"w":114,"h":62}]
console errors: []
--- exit 0 10:36:50
=== scripts/juror9-map.mjs t768 10:36:50
overview.markers [{"label":"Spot 1: Holeur’s Fashionable Bakery","x":514,"y":463,"w":0,"h":0,"cls":"mapboxgl-marker mapboxgl-marker-anchor-center","inner":"mapboxgl-marker mapboxgl-marker-anchor-center","current":null,"pressed":null,"inView":true},{"label":"Spot 2: Commissioner’s Office","x":425,"y":346,"w":0,"h":0,"cls":"mapboxgl-marker mapboxgl-marker-anchor-center","inner":"mapboxgl-marker mapboxgl-marker-anchor-center","current":null,"pressed":null,"inView":true},{"label":"Spot 3: Uri Gilbert Home","x":463,"y":529,"w":0,"h":0,"cls":"mapboxgl-marker mapboxgl-marker-anchor-center","inner":"mapboxgl-marker mapboxgl-marker-anchor-center","current":null,"pressed":null,"inView":true},{"label":"Spot 4: Washington Street Ferry Landing (no plaque","x":275,"y":767,"w":0,"h":0,"cls":"mapboxgl-marker mapboxgl-marker-anchor-center","inner":"mapboxgl-marker mapboxgl-marker-anchor-center","current":null,"pressed":null,"inView":true},{"label":"Spot 5: Peter Baltimore’s Barbershop","x":414,"y":338,"w":0,"h":0,"cls":"mapboxgl-marker mapboxgl-marker-anchor-center","inner":"mapboxgl-marker mapboxgl-marker-anchor-center","current":null,"pressed":null,"inView":true}]
overview.floating [{"tag":"div","cls":"curtain-panel","t":"","x":0,"y":1024,"w":768,"h":1024},{"tag":"div","cls":"cnwm-menu fixed bottom-[var(--ui-inset)] right-[var(--ui-ins","t":"Home01Bakery02Commissioner’s Office03Gilbert Home0","x":656,"y":912,"w":72,"h":72}]
overview.buttons {"Take the walk":{"x":194.625,"y":924,"width":206.703125,"height":48},"See Troy in 1858":{"x":413.328125,"y":926,"width":160.046875,"height":44}}
overview.scrollY 0
index.titles [{"t":"Holeur’s Fashionable Bakery","lines":1},{"t":"Commissioner’s Office","lines":1},{"t":"Uri Gilbert Home","lines":1},{"t":"Washington Street Ferry Landing","lines":1},{"t":"Peter Baltimore’s Barbershop","lines":1}]
take.btn {"x":194.625,"y":784,"width":206.703125,"height":48}
walk.scrollY-after-take 0
walk.buttons-1s {"Stop the walk":{"x":558.1875,"y":40,"width":169.8125,"height":38},"Back":{"x":40,"y":40,"width":174.734375,"height":38}}
walk.floating [{"tag":"div","cls":"curtain-panel","t":"","x":0,"y":1024,"w":768,"h":1024},{"tag":"div","cls":"cnwm-menu fixed bottom-[var(--ui-inset)] right-[var(--ui-ins","t":"Home01Bakery02Commissioner’s Office03Gilbert Home0","x":656,"y":912,"w":72,"h":72},{"tag":"div","cls":"fixed right-0 bottom-0 left-0 z-10 pb-[calc(var(--ui-inset)+","t":"Spot1Holeur’s Fashionable BakerySpot2Commissioner’","x":0,"y":728,"w":768,"h":296}]
walk.markers-4s [{"label":"Spot 1: Holeur’s Fashionable Bakery","x":724,"y":861,"w":0,"h":0,"cls":"mapboxgl-marker mapboxgl-marker-anchor-center","inner":"mapboxgl-marker mapboxgl-marker-anchor-center","current":null,"pressed":null,"inView":true},{"label":"Spot 2: Commissioner’s Office","x":302,"y":245,"w":0,"h":0,"cls":"mapboxgl-marker mapboxgl-marker-anchor-center","inner":"mapboxgl-marker mapboxgl-marker-anchor-center","current":null,"pressed":null,"inView":true},{"label":"Spot 3: Uri Gilbert Home","x":475,"y":1515,"w":0,"h":0,"cls":"mapboxgl-marker mapboxgl-marker-anchor-center","inner":"mapboxgl-marker mapboxgl-marker-anchor-center","current":null,"pressed":null,"inView":false},{"label":"Spot 4: Washington Street Ferry Landing (no plaque","x":33554428,"y":33554428,"w":0,"h":0,"cls":"mapboxgl-marker mapboxgl-marker-anchor-center","inner":"mapboxgl-marker mapboxgl-marker-anchor-center","current":null,"pressed":null,"inView":false},{"label":"Spot 5: Peter Baltimore’s Barbershop","x":262,"y":212,"w":0,"h":0,"cls":"mapboxgl-marker mapboxgl-marker-anchor-center","inner":"mapboxgl-marker mapboxgl-marker-anchor-center","current":null,"pressed":null,"inView":true}]
walk.cards-4s [{"x":-275,"w":429,"y":728,"h":160,"t":"Spot1Holeur’s\nFashionable Bake"},{"x":170,"w":429,"y":728,"h":160,"t":"Spot2Commissioner’s\nOffice"},{"x":615,"w":429,"y":728,"h":160,"t":"Spot3Uri Gilbert Home"},{"x":1059,"w":429,"y":728,"h":160,"t":"Spot4Washington Street Ferry L"},{"x":1504,"w":429,"y":728,"h":160,"t":"Spot5Peter Baltimore’s Barbers"}]
walk.markers-8s [{"label":"Spot 1: Holeur’s Fashionable Bakery","x":795,"y":169,"w":0,"h":0,"cls":"mapboxgl-marker mapboxgl-marker-anchor-center","inner":"mapboxgl-marker mapboxgl-marker-anchor-center","current":null,"pressed":null,"inView":false},{"label":"Spot 2: Commissioner’s Office","x":663,"y":-192,"w":0,"h":0,"cls":"mapboxgl-marker mapboxgl-marker-anchor-center","inner":"mapboxgl-marker mapboxgl-marker-anchor-center","current":null,"pressed":null,"inView":false},{"label":"Spot 3: Uri Gilbert Home","x":369,"y":394,"w":0,"h":0,"cls":"mapboxgl-marker mapboxgl-marker-anchor-center","inner":"mapboxgl-marker mapboxgl-marker-anchor-center","current":null,"pressed":null,"inView":true},{"label":"Spot 4: Washington Street Ferry Landing (no plaque","x":-3440,"y":2340,"w":0,"h":0,"cls":"mapboxgl-marker mapboxgl-marker-anchor-center","inner":"mapboxgl-marker mapboxgl-marker-anchor-center","current":null,"pressed":null,"inView":false},{"label":"Spot 5: Peter Baltimore’s Barbershop","x":640,"y":-213,"w":0,"h":0,"cls":"mapboxgl-marker mapboxgl-marker-anchor-center","inner":"mapboxgl-marker mapboxgl-marker-anchor-center","current":null,"pressed":null,"inView":false}]
walk.buttons-8s {"Stop the walk":{"x":558.1875,"y":40,"width":169.8125,"height":38},"Back":{"x":40,"y":40,"width":174.734375,"height":38}}
drag.buttons-immediately {"Continue":{"x":601.640625,"y":40,"width":126.359375,"height":38},"Back":{"x":40,"y":40,"width":174.734375,"height":38}}
drag.cards-after [{"x":-1165,"w":429,"y":728,"h":160,"t":"Spot1Holeur’s\nFashionable Bake"},{"x":-720,"w":429,"y":728,"h":160,"t":"Spot2Commissioner’s\nOffice"},{"x":-275,"w":429,"y":728,"h":160,"t":"Spot3Uri Gilbert Home"},{"x":169,"w":429,"y":728,"h":160,"t":"Spot4Washington Street Ferry L"},{"x":614,"w":429,"y":728,"h":160,"t":"Spot5Peter Baltimore’s Barbers"}]
drag.samples [-275,-275,-275,-275,-275,-300,-300,-324,-324,-349,-374,-374,-374,-398,-398,-423,-423,-448,-448,-472,-472,-497,-497,-522,-522,-546,-546,-571,-571,-571,-596,-606,-625,-640,-653,-669,-677,-684,-692,-697]
drag.markers [{"label":"Spot 1: Holeur’s Fashionable Bakery","x":1654,"y":-256,"w":0,"h":0,"cls":"mapboxgl-marker mapboxgl-marker-anchor-center","inner":"mapboxgl-marker mapboxgl-marker-anchor-center","current":null,"pressed":null,"inView":false},{"label":"Spot 2: Commissioner’s Office","x":1308,"y":-433,"w":0,"h":0,"cls":"mapboxgl-marker mapboxgl-marker-anchor-center","inner":"mapboxgl-marker mapboxgl-marker-anchor-center","current":null,"pressed":null,"inView":false},{"label":"Spot 3: Uri Gilbert Home","x":1471,"y":-162,"w":0,"h":0,"cls":"mapboxgl-marker mapboxgl-marker-anchor-center","inner":"mapboxgl-marker mapboxgl-marker-anchor-center","current":null,"pressed":null,"inView":false},{"label":"Spot 4: Washington Street Ferry Landing (no plaque","x":377,"y":367,"w":0,"h":0,"cls":"mapboxgl-marker mapboxgl-marker-anchor-center","inner":"mapboxgl-marker mapboxgl-marker-anchor-center","current":null,"pressed":null,"inView":true},{"label":"Spot 5: Peter Baltimore’s Barbershop","x":1274,"y":-444,"w":0,"h":0,"cls":"mapboxgl-marker mapboxgl-marker-anchor-center","inner":"mapboxgl-marker mapboxgl-marker-anchor-center","current":null,"pressed":null,"inView":false}]
smalldrag.before [-1165,-720,-275,169,614]
smalldrag.after [-1165,-720,-275,169,614]
continue.btn {"t":"Continue","aria":"Continue the walk","b":{"x":601.640625,"y":40,"width":126.359375,"height":38}}
continue.buttons {"Stop the walk":{"x":558.1875,"y":40,"width":169.8125,"height":38},"Back":{"x":40,"y":40,"width":174.734375,"height":38}}
back.btn {"t":"Back to map","aria":"Back to map","b":{"x":40,"y":40,"width":174.734375,"height":38}}
back.markers [{"label":"Spot 1: Holeur’s Fashionable Bakery","x":514,"y":463,"w":0,"h":0,"cls":"mapboxgl-marker mapboxgl-marker-anchor-center","inner":"mapboxgl-marker mapboxgl-marker-anchor-center","current":null,"pressed":null,"inView":true},{"label":"Spot 2: Commissioner’s Office","x":425,"y":346,"w":0,"h":0,"cls":"mapboxgl-marker mapboxgl-marker-anchor-center","inner":"mapboxgl-marker mapboxgl-marker-anchor-center","current":null,"pressed":null,"inView":true},{"label":"Spot 3: Uri Gilbert Home","x":463,"y":529,"w":0,"h":0,"cls":"mapboxgl-marker mapboxgl-marker-anchor-center","inner":"mapboxgl-marker mapboxgl-marker-anchor-center","current":null,"pressed":null,"inView":true},{"label":"Spot 4: Washington Street Ferry Landing (no plaque","x":275,"y":767,"w":0,"h":0,"cls":"mapboxgl-marker mapboxgl-marker-anchor-center","inner":"mapboxgl-marker mapboxgl-marker-anchor-center","current":null,"pressed":null,"inView":true},{"label":"Spot 5: Peter Baltimore’s Barbershop","x":414,"y":338,"w":0,"h":0,"cls":"mapboxgl-marker mapboxgl-marker-anchor-center","inner":"mapboxgl-marker mapboxgl-marker-anchor-center","current":null,"pressed":null,"inView":true}]
back.buttons {"Take the walk":{"x":194.625,"y":924,"width":206.703125,"height":48},"See Troy in 1858":{"x":413.328125,"y":926,"width":160.046875,"height":44}}
back.floating [{"tag":"div","cls":"curtain-panel","t":"","x":0,"y":1024,"w":768,"h":1024},{"tag":"div","cls":"cnwm-menu fixed bottom-[var(--ui-inset)] right-[var(--ui-ins","t":"Home01Bakery02Commissioner’s Office03Gilbert Home0","x":656,"y":912,"w":72,"h":72}]
lens.btn {"x":413.328125,"y":926,"width":160.046875,"height":44}
lens.floating [{"tag":"div","cls":"curtain-panel","t":"","x":0,"y":1024,"w":768,"h":1024},{"tag":"div","cls":"cnwm-menu fixed bottom-[var(--ui-inset)] right-[var(--ui-ins","t":"Home01Bakery02Commissioner’s Office03Gilbert Home0","x":656,"y":912,"w":72,"h":72}]
lens.buttons {"Back":{"x":299.46875,"y":940,"width":169.046875,"height":44},"Back to today":{"x":299.46875,"y":940,"width":169.046875,"height":44}}
lens.caption [{"t":"+−⟲Troy, New York · 1858 · Library of CongressDrag to explore · pinch or scroll to zoomDrag to explore · pinch to zoomBack to today","lines":1,"r":[0,0,768,1024]},{"t":"Drag to explore · pinch or scroll to zoomDrag to explore · pinch to zoom","lines":1,"r":[250,907,268,21]},{"t":"Drag to explore · pinch or scroll to zoom","lines":1,"r":[250,908,268,18]}]
lens.backtoday {"x":299.46875,"y":940,"width":169.046875,"height":44}
afterlens.buttons {"Take the walk":{"x":194.625,"y":924,"width":206.703125,"height":48},"See Troy in 1858":{"x":413.328125,"y":926,"width":160.046875,"height":44}}
afterlens.markers [{"label":"Spot 1: Holeur’s Fashionable Bakery","x":514,"y":463,"w":0,"h":0,"cls":"mapboxgl-marker mapboxgl-marker-anchor-center","inner":"mapboxgl-marker mapboxgl-marker-anchor-center","current":null,"pressed":null,"inView":true},{"label":"Spot 2: Commissioner’s Office","x":425,"y":346,"w":0,"h":0,"cls":"mapboxgl-marker mapboxgl-marker-anchor-center","inner":"mapboxgl-marker mapboxgl-marker-anchor-center","current":null,"pressed":null,"inView":true},{"label":"Spot 3: Uri Gilbert Home","x":463,"y":529,"w":0,"h":0,"cls":"mapboxgl-marker mapboxgl-marker-anchor-center","inner":"mapboxgl-marker mapboxgl-marker-anchor-center","current":null,"pressed":null,"inView":true},{"label":"Spot 4: Washington Street Ferry Landing (no plaque","x":275,"y":767,"w":0,"h":0,"cls":"mapboxgl-marker mapboxgl-marker-anchor-center","inner":"mapboxgl-marker mapboxgl-marker-anchor-center","current":null,"pressed":null,"inView":true},{"label":"Spot 5: Peter Baltimore’s Barbershop","x":414,"y":338,"w":0,"h":0,"cls":"mapboxgl-marker mapboxgl-marker-anchor-center","inner":"mapboxgl-marker mapboxgl-marker-anchor-center","current":null,"pressed":null,"inView":true}]
markertap.buttons {"Continue":{"x":601.640625,"y":40,"width":126.359375,"height":38},"Back":{"x":40,"y":40,"width":174.734375,"height":38}}
markertap.floating [{"tag":"div","cls":"curtain-panel","t":"","x":0,"y":1024,"w":768,"h":1024},{"tag":"div","cls":"cnwm-menu fixed bottom-[var(--ui-inset)] right-[var(--ui-ins","t":"Home01Bakery02Commissioner’s Office03Gilbert Home0","x":656,"y":912,"w":72,"h":72},{"tag":"div","cls":"fixed right-0 bottom-0 left-0 z-10 pb-[calc(var(--ui-inset)+","t":"Spot1Holeur’s Fashionable BakerySpot2Commissioner’","x":0,"y":728,"w":768,"h":296}]
menu.burger {"x":656,"y":912,"width":72,"height":72}
console errors: []
--- exit 0 10:37:30
=== scripts/juror9-museum.mjs t768 10:37:30
top.ui [{"t":"Skip to content","x":-999,"y":0,"w":148,"h":40,"lines":1,"tag":"a"},{"t":"Open menu","x":656,"y":40,"w":72,"h":72,"lines":1,"tag":"button"},{"t":"The paintings · 10 works","x":40,"y":143,"w":688,"h":16,"lines":1,"tag":"p"},{"t":"The Museum · scroll to walk · drag to look · tap a paintingScroll to w","x":291,"y":417,"w":295,"h":32,"lines":1,"tag":"p"},{"t":"Skip the hall","x":40,"y":417,"w":186,"h":38,"lines":1,"tag":"button"}]
top.stage {"top":377,"h":1024,"scrollY":0}
top.state {"mode":"rail","railIdx":0,"railT":0,"approached":null,"zoom":1,"alive":-1,"look":{"yaw":0,"pitch":-0.07999999999999995,"dragYaw":0,"dragPitch":0},"sheet":"peek","fov":72,"portrait":true}
top.rect0 {"l":604,"t":602,"r":836,"b":996,"w":232,"h":394,"behind":false}
top.clickAt [720,799]
fromtop.state {"mode":"approach","railIdx":0,"railT":0,"approached":0,"zoom":1,"alive":-1,"look":{"yaw":-1.5707961778467041,"pitch":-7.58586913828443e-9,"dragYaw":0,"dragPitch":0},"sheet":"peek","fov":72,"portrait":true}
fromtop.stage {"top":0,"h":1024,"scrollY":377}
fromtop.ui [{"t":"Open menu","x":658,"y":54,"w":68,"h":68,"lines":1,"tag":"button"},{"t":"Back to the hall","x":40,"y":40,"w":195,"h":38,"lines":1,"tag":"button"},{"t":"Bring the painting to life","x":79,"y":310,"w":609,"h":343,"lines":1,"tag":"button"},{"t":"Expand the plaque","x":0,"y":928,"w":768,"h":96,"lines":1,"tag":"div"},{"t":"Mark Priest · Nalle Series · Spot 01","x":40,"y":956,"w":688,"h":16,"lines":1,"tag":"p"},{"t":"01 / 10","x":198,"y":895,"w":45,"h":16,"lines":1,"tag":"p"},{"t":"Approach “Holeur’s Fashionable Bakery”","x":258,"y":891,"w":24,"h":24,"lines":1,"tag":"button"},{"t":"Approach “Commissioner’s Office”","x":290,"y":891,"w":24,"h":24,"lines":1,"tag":"button"},{"t":"Approach “Commissioner’s Office · Part 2”","x":322,"y":891,"w":24,"h":24,"lines":1,"tag":"button"},{"t":"Approach “Uri Gilbert Home”","x":354,"y":891,"w":24,"h":24,"lines":1,"tag":"button"},{"t":"Approach “Washington Street Ferry Landing”","x":386,"y":891,"w":24,"h":24,"lines":1,"tag":"button"},{"t":"Approach “Washington Street Ferry Landing · Narrative I”","x":418,"y":891,"w":24,"h":24,"lines":1,"tag":"button"},{"t":"Approach “Washington Street Ferry Landing · Narrative II”","x":450,"y":891,"w":24,"h":24,"lines":1,"tag":"button"},{"t":"Approach “Peter Baltimore’s Barbershop”","x":482,"y":891,"w":24,"h":24,"lines":1,"tag":"button"},{"t":"Approach “Peter Baltimore’s Barbershop · Narrative I”","x":514,"y":891,"w":24,"h":24,"lines":1,"tag":"button"},{"t":"Approach “Peter Baltimore’s Barbershop · Narrative II”","x":546,"y":891,"w":24,"h":24,"lines":1,"tag":"button"}]
fromtop.rect {"l":79,"t":310,"r":689,"b":653,"w":609,"h":343,"behind":false}
fromtop.back {"x":40,"y":40.140625,"width":194.984375,"height":38}
fromtop.focusAfterBackClick {"t":"// Progressive enhancement flag: scroll-","tag":"BODY","outline":"none 3px rgb(254, 217, 204)","boxShadow":"none","fv":false}
fromtop.stateAfterBack {"mode":"rail","railIdx":0,"railT":0,"approached":null,"zoom":1,"alive":-1,"look":{"yaw":-0.00000924971949722687,"pitch":-0.07999952891565434,"dragYaw":0,"dragPitch":0},"sheet":"peek","fov":72,"portrait":true}
rail.total 13858
rail.0.12.state {"mode":"rail","railIdx":0,"railT":0.13952467176649305,"approached":null,"zoom":1,"alive":-1,"look":{"yaw":-1.90515596645105e-13,"pitch":-0.0799999999999903,"dragYaw":0,"dragPitch":0},"sheet":"peek","fov":72,"portrait":true}
rail.0.12.ui [{"t":"Open menu","x":658,"y":54,"w":68,"h":68,"lines":1,"tag":"button"},{"t":"The Museum · scroll to walk · drag to look · tap a paintingScroll to w","x":291,"y":40,"w":295,"h":32,"lines":1,"tag":"p"},{"t":"Skip the hall","x":40,"y":40,"w":186,"h":38,"lines":1,"tag":"button"},{"t":"01 / 10","x":198,"y":960,"w":45,"h":16,"lines":1,"tag":"p"},{"t":"Approach “Holeur’s Fashionable Bakery”","x":258,"y":956,"w":24,"h":24,"lines":1,"tag":"button"},{"t":"Approach “Commissioner’s Office”","x":290,"y":956,"w":24,"h":24,"lines":1,"tag":"button"},{"t":"Approach “Commissioner’s Office · Part 2”","x":322,"y":956,"w":24,"h":24,"lines":1,"tag":"button"},{"t":"Approach “Uri Gilbert Home”","x":354,"y":956,"w":24,"h":24,"lines":1,"tag":"button"},{"t":"Approach “Washington Street Ferry Landing”","x":386,"y":956,"w":24,"h":24,"lines":1,"tag":"button"},{"t":"Approach “Washington Street Ferry Landing · Narrative I”","x":418,"y":956,"w":24,"h":24,"lines":1,"tag":"button"},{"t":"Approach “Washington Street Ferry Landing · Narrative II”","x":450,"y":956,"w":24,"h":24,"lines":1,"tag":"button"},{"t":"Approach “Peter Baltimore’s Barbershop”","x":482,"y":956,"w":24,"h":24,"lines":1,"tag":"button"},{"t":"Approach “Peter Baltimore’s Barbershop · Narrative I”","x":514,"y":956,"w":24,"h":24,"lines":1,"tag":"button"},{"t":"Approach “Peter Baltimore’s Barbershop · Narrative II”","x":546,"y":956,"w":24,"h":24,"lines":1,"tag":"button"}]
rail.0.3.state {"mode":"rail","railIdx":3,"railT":0.4101409912109375,"approached":null,"zoom":1,"alive":-1,"look":{"yaw":-1.337362559668557e-19,"pitch":-0.0799999999999999,"dragYaw":0,"dragPitch":0},"sheet":"peek","fov":72,"portrait":true}
rail.0.3.ui [{"t":"Open menu","x":658,"y":54,"w":68,"h":68,"lines":1,"tag":"button"},{"t":"The Museum · scroll to walk · drag to look · tap a paintingScroll to w","x":291,"y":40,"w":295,"h":32,"lines":1,"tag":"p"},{"t":"Skip the hall","x":40,"y":40,"w":186,"h":38,"lines":1,"tag":"button"},{"t":"04 / 10","x":197,"y":960,"w":47,"h":16,"lines":1,"tag":"p"},{"t":"Approach “Holeur’s Fashionable Bakery”","x":259,"y":956,"w":24,"h":24,"lines":1,"tag":"button"},{"t":"Approach “Commissioner’s Office”","x":291,"y":956,"w":24,"h":24,"lines":1,"tag":"button"},{"t":"Approach “Commissioner’s Office · Part 2”","x":323,"y":956,"w":24,"h":24,"lines":1,"tag":"button"},{"t":"Approach “Uri Gilbert Home”","x":355,"y":956,"w":24,"h":24,"lines":1,"tag":"button"},{"t":"Approach “Washington Street Ferry Landing”","x":387,"y":956,"w":24,"h":24,"lines":1,"tag":"button"},{"t":"Approach “Washington Street Ferry Landing · Narrative I”","x":419,"y":956,"w":24,"h":24,"lines":1,"tag":"button"},{"t":"Approach “Washington Street Ferry Landing · Narrative II”","x":451,"y":956,"w":24,"h":24,"lines":1,"tag":"button"},{"t":"Approach “Peter Baltimore’s Barbershop”","x":483,"y":956,"w":24,"h":24,"lines":1,"tag":"button"},{"t":"Approach “Peter Baltimore’s Barbershop · Narrative I”","x":515,"y":956,"w":24,"h":24,"lines":1,"tag":"button"},{"t":"Approach “Peter Baltimore’s Barbershop · Narrative II”","x":547,"y":956,"w":24,"h":24,"lines":1,"tag":"button"}]
look.state {"mode":"rail","railIdx":3,"railT":0.4101409912109375,"approached":null,"zoom":1,"alive":-1,"look":{"yaw":-2.580815268417272,"pitch":-0.07999999999999993,"dragYaw":-2.581907044392387,"dragPitch":0},"sheet":"peek","fov":72,"portrait":true}
look.ui [{"t":"Open menu","x":658,"y":54,"w":68,"h":68,"lines":1,"tag":"button"},{"t":"Face forward","x":355,"y":40,"w":165,"h":38,"lines":1,"tag":"button"},{"t":"Skip the hall","x":40,"y":40,"w":186,"h":38,"lines":1,"tag":"button"},{"t":"04 / 10","x":197,"y":960,"w":47,"h":16,"lines":1,"tag":"p"},{"t":"Approach “Holeur’s Fashionable Bakery”","x":259,"y":956,"w":24,"h":24,"lines":1,"tag":"button"},{"t":"Approach “Commissioner’s Office”","x":291,"y":956,"w":24,"h":24,"lines":1,"tag":"button"},{"t":"Approach “Commissioner’s Office · Part 2”","x":323,"y":956,"w":24,"h":24,"lines":1,"tag":"button"},{"t":"Approach “Uri Gilbert Home”","x":355,"y":956,"w":24,"h":24,"lines":1,"tag":"button"},{"t":"Approach “Washington Street Ferry Landing”","x":387,"y":956,"w":24,"h":24,"lines":1,"tag":"button"},{"t":"Approach “Washington Street Ferry Landing · Narrative I”","x":419,"y":956,"w":24,"h":24,"lines":1,"tag":"button"},{"t":"Approach “Washington Street Ferry Landing · Narrative II”","x":451,"y":956,"w":24,"h":24,"lines":1,"tag":"button"},{"t":"Approach “Peter Baltimore’s Barbershop”","x":483,"y":956,"w":24,"h":24,"lines":1,"tag":"button"},{"t":"Approach “Peter Baltimore’s Barbershop · Narrative I”","x":515,"y":956,"w":24,"h":24,"lines":1,"tag":"button"},{"t":"Approach “Peter Baltimore’s Barbershop · Narrative II”","x":547,"y":956,"w":24,"h":24,"lines":1,"tag":"button"}]
look.faceForward {"x":355.421875,"y":40,"width":165.15625,"height":38}
look.afterFF {"mode":"rail","railIdx":3,"railT":0.4101409912109375,"approached":null,"zoom":1,"alive":-1,"look":{"yaw":-0.00022059973990031862,"pitch":-0.07999999999999995,"dragYaw":0,"dragPitch":0},"sheet":"peek","fov":72,"portrait":true}
approach.idx 5
approach.rectBefore {"l":173,"t":348,"r":243,"b":533,"w":69,"h":186,"behind":false}
approach.state {"mode":"approach","railIdx":3,"railT":0.4101409912109375,"approached":5,"zoom":1,"alive":-1,"look":{"yaw":1.57079620315225,"pitch":-6.296772450133559e-9,"dragYaw":0,"dragPitch":0},"sheet":"peek","fov":72,"portrait":true}
approach.rect {"l":79,"t":293,"r":689,"b":636,"w":609,"h":343,"behind":false}
approach.ui [{"t":"Open menu","x":658,"y":54,"w":68,"h":68,"lines":1,"tag":"button"},{"t":"Back to the hall","x":40,"y":40,"w":195,"h":38,"lines":1,"tag":"button"},{"t":"Bring the painting to life","x":79,"y":293,"w":609,"h":343,"lines":1,"tag":"button"},{"t":"Expand the plaque","x":0,"y":895,"w":768,"h":129,"lines":1,"tag":"div"},{"t":"Mark Priest · Nalle Series · Spot 04","x":40,"y":923,"w":688,"h":16,"lines":1,"tag":"p"},{"t":"06 / 10","x":197,"y":862,"w":47,"h":16,"lines":1,"tag":"p"},{"t":"Approach “Holeur’s Fashionable Bakery”","x":259,"y":858,"w":24,"h":24,"lines":1,"tag":"button"},{"t":"Approach “Commissioner’s Office”","x":291,"y":858,"w":24,"h":24,"lines":1,"tag":"button"},{"t":"Approach “Commissioner’s Office · Part 2”","x":323,"y":858,"w":24,"h":24,"lines":1,"tag":"button"},{"t":"Approach “Uri Gilbert Home”","x":355,"y":858,"w":24,"h":24,"lines":1,"tag":"button"},{"t":"Approach “Washington Street Ferry Landing”","x":387,"y":858,"w":24,"h":24,"lines":1,"tag":"button"},{"t":"Approach “Washington Street Ferry Landing · Narrative I”","x":419,"y":858,"w":24,"h":24,"lines":1,"tag":"button"},{"t":"Approach “Washington Street Ferry Landing · Narrative II”","x":451,"y":858,"w":24,"h":24,"lines":1,"tag":"button"},{"t":"Approach “Peter Baltimore’s Barbershop”","x":483,"y":858,"w":24,"h":24,"lines":1,"tag":"button"},{"t":"Approach “Peter Baltimore’s Barbershop · Narrative I”","x":515,"y":858,"w":24,"h":24,"lines":1,"tag":"button"},{"t":"Approach “Peter Baltimore’s Barbershop · Narrative II”","x":547,"y":858,"w":24,"h":24,"lines":1,"tag":"button"}]
approach.plaque [{"tag":"P","t":"Charles","lines":1,"x":206,"y":440,"w":356,"h":74},{"tag":"P","t":"Nalle","lines":1,"x":308,"y":509,"w":254,"h":74},{"tag":"P","t":"Mark Priest · Nalle Series · Spot 04","lines":1,"x":40,"y":923,"w":688,"h":16},{"tag":"P","t":"Washington Street Ferry LandingNarrative I","lines":1,"x":40,"y":948,"w":688,"h":64},{"tag":"P","t":"06 / 10","lines":1,"x":197,"y":862,"w":47,"h":16}]
alive.state {"mode":"approach","railIdx":3,"railT":0.4101409912109375,"approached":5,"zoom":1,"alive":5,"look":{"yaw":1.5707963267948823,"pitch":-7.09494702172257e-16,"dragYaw":0,"dragPitch":0},"sheet":"peek","fov":72,"portrait":true}
alive.video [{"paused":true,"t":0,"w":0,"h":0}]
alive.afterSecondTap {"mode":"approach","railIdx":3,"railT":0.4101409912109375,"approached":5,"zoom":1,"alive":-1,"look":{"yaw":1.570796326794895,"pitch":-1.7487968366110837e-18,"dragYaw":0,"dragPitch":0},"sheet":"peek","fov":72,"portrait":true}
back.btn {"x":40,"y":40,"width":194.984375,"height":38}
back.state {"mode":"rail","railIdx":3,"railT":0.4101409912109375,"approached":null,"zoom":1,"alive":-1,"look":{"yaw":0.000019314251889210172,"pitch":-0.0799990163332287,"dragYaw":0,"dragPitch":0},"sheet":"peek","fov":72,"portrait":true}
last.state {"mode":"approach","railIdx":3,"railT":0.4101409912109375,"approached":9,"zoom":1,"alive":-1,"look":{"yaw":1.5707963223751147,"pitch":-2.2509765763630761e-10,"dragYaw":0,"dragPitch":0},"sheet":"peek","fov":72,"portrait":true}
last.rect {"l":163,"t":133,"r":605,"b":796,"w":442,"h":664,"behind":false}
last.ui [{"t":"Open menu","x":658,"y":54,"w":68,"h":68,"lines":1,"tag":"button"},{"t":"Back to the hall","x":40,"y":40,"w":195,"h":38,"lines":1,"tag":"button"},{"t":"Bring the painting to life","x":163,"y":133,"w":442,"h":664,"lines":1,"tag":"button"},{"t":"Expand the plaque","x":0,"y":895,"w":768,"h":129,"lines":1,"tag":"div"},{"t":"Mark Priest · Nalle Series · Spot 05","x":40,"y":923,"w":688,"h":16,"lines":1,"tag":"p"},{"t":"10 / 10","x":198,"y":862,"w":45,"h":16,"lines":1,"tag":"p"},{"t":"Approach “Holeur’s Fashionable Bakery”","x":258,"y":858,"w":24,"h":24,"lines":1,"tag":"button"},{"t":"Approach “Commissioner’s Office”","x":290,"y":858,"w":24,"h":24,"lines":1,"tag":"button"},{"t":"Approach “Commissioner’s Office · Part 2”","x":322,"y":858,"w":24,"h":24,"lines":1,"tag":"button"},{"t":"Approach “Uri Gilbert Home”","x":354,"y":858,"w":24,"h":24,"lines":1,"tag":"button"},{"t":"Approach “Washington Street Ferry Landing”","x":386,"y":858,"w":24,"h":24,"lines":1,"tag":"button"},{"t":"Approach “Washington Street Ferry Landing · Narrative I”","x":418,"y":858,"w":24,"h":24,"lines":1,"tag":"button"},{"t":"Approach “Washington Street Ferry Landing · Narrative II”","x":450,"y":858,"w":24,"h":24,"lines":1,"tag":"button"},{"t":"Approach “Peter Baltimore’s Barbershop”","x":482,"y":858,"w":24,"h":24,"lines":1,"tag":"button"},{"t":"Approach “Peter Baltimore’s Barbershop · Narrative I”","x":514,"y":858,"w":24,"h":24,"lines":1,"tag":"button"},{"t":"Approach “Peter Baltimore’s Barbershop · Narrative II”","x":546,"y":858,"w":24,"h":24,"lines":1,"tag":"button"}]
last.plaque []
esc.state {"mode":"rail","railIdx":3,"railT":0.4101409912109375,"approached":null,"zoom":1,"alive":-1,"look":{"yaw":0.00013265055447371252,"pitch":-0.07999324416273652,"dragYaw":0,"dragPitch":0},"sheet":"peek","fov":72,"portrait":true}
title.5.rect {"l":79,"t":293,"r":689,"b":636,"w":609,"h":343,"behind":false}
title.6.rect {"l":79,"t":293,"r":689,"b":636,"w":609,"h":343,"behind":false}
title.8.rect {"l":83,"t":264,"r":684,"b":665,"w":601,"h":401,"behind":false}
title.9.rect {"l":163,"t":133,"r":605,"b":796,"w":442,"h":664,"behind":false}
titles {"5":[],"6":[],"8":[],"9":[]}
kb.focusBeforeEnter {"t":"Approach “Washington Street Ferry Landin","tag":"BUTTON","outline":"solid 2px rgb(242, 104, 53)","boxShadow":"none","fv":true}
kb.tabs [{"t":"Skip to content","tag":"A","outline":"solid 2px rgb(242, 104, 53)","boxShadow":"none","fv":true},{"t":"Open menu","tag":"BUTTON","outline":"solid 2px rgb(242, 104, 53)","boxShadow":"none","fv":true},{"t":"Skip the hall","tag":"BUTTON","outline":"solid 2px rgb(242, 104, 53)","boxShadow":"none","fv":true},{"t":"Approach “Holeur’s Fashionable Bakery”","tag":"BUTTON","outline":"solid 2px rgb(242, 105, 54)","boxShadow":"none","fv":true},{"t":"Approach “Commissioner’s Office”","tag":"BUTTON","outline":"solid 2px rgb(242, 105, 54)","boxShadow":"none","fv":true},{"t":"Approach “Commissioner’s Office · Part 2","tag":"BUTTON","outline":"solid 2px rgb(242, 105, 54)","boxShadow":"none","fv":true},{"t":"Approach “Uri Gilbert Home”","tag":"BUTTON","outline":"solid 2px rgb(242, 105, 54)","boxShadow":"none","fv":true},{"t":"Approach “Washington Street Ferry Landin","tag":"BUTTON","outline":"solid 2px rgb(242, 105, 54)","boxShadow":"none","fv":true}]
kb.afterEnter {"mode":"approach","railIdx":0,"railT":0.049463907877604164,"approached":4,"zoom":1,"alive":-1,"look":{"yaw":-1.5707951180370454,"pitch":-6.156153185533538e-8,"dragYaw":0,"dragPitch":0},"sheet":"peek","fov":72,"portrait":true}
kb.afterRight {"mode":"approach","railIdx":0,"railT":0.049463907877604164,"approached":5,"zoom":1,"alive":-1,"look":{"yaw":1.5705298624995943,"pitch":-2.5178804885733667e-12,"dragYaw":0,"dragPitch":0},"sheet":"peek","fov":72,"portrait":true}
kb.afterEsc {"mode":"rail","railIdx":0,"railT":0.049463907877604164,"approached":null,"zoom":1,"alive":-1,"look":{"yaw":0.00012862902564220513,"pitch":-0.07999344792421184,"dragYaw":0,"dragPitch":0},"sheet":"peek","fov":72,"portrait":true}
kb.focusAfterEsc {"t":"Approach “Washington Street Ferry Landin","tag":"BUTTON","outline":"solid 2px rgb(242, 104, 53)","boxShadow":"none","fv":true}
kb.afterLeftInRail {"mode":"rail","railIdx":0,"railT":0.049463907877604164,"approached":null,"zoom":1,"alive":-1,"look":{"yaw":0.3498072127919478,"pitch":-0.079999996548575,"dragYaw":0.35,"dragPitch":0},"sheet":"peek","fov":72,"portrait":true}
menu.open [{"t":"Skip to content","x":-999,"y":0,"w":148,"h":40,"lines":1,"tag":"a"},{"t":"Close menu","x":359,"y":41,"w":368,"h":57,"lines":1,"tag":"button"},{"t":"Home","x":391,"y":130,"w":304,"h":16,"lines":1,"tag":"a"},{"t":"01Bakery","x":391,"y":178,"w":304,"h":32,"lines":1,"tag":"a"},{"t":"01","x":391,"y":192,"w":32,"h":16,"lines":1,"tag":"span"},{"t":"02Commissioner’s Office","x":391,"y":230,"w":304,"h":64,"lines":1,"tag":"a"},{"t":"02","x":391,"y":244,"w":32,"h":16,"lines":1,"tag":"span"},{"t":"03Gilbert Home","x":391,"y":315,"w":304,"h":32,"lines":1,"tag":"a"},{"t":"03","x":391,"y":329,"w":32,"h":16,"lines":1,"tag":"span"},{"t":"04Ferry Landing","x":391,"y":367,"w":304,"h":32,"lines":1,"tag":"a"},{"t":"04","x":391,"y":381,"w":32,"h":16,"lines":1,"tag":"span"},{"t":"05Barbershop","x":391,"y":419,"w":304,"h":32,"lines":1,"tag":"a"},{"t":"05","x":391,"y":433,"w":32,"h":16,"lines":1,"tag":"span"},{"t":"Map","x":391,"y":518,"w":57,"h":24,"lines":1,"tag":"a"},{"t":"The people","x":391,"y":561,"w":118,"h":24,"lines":1,"tag":"a"},{"t":"The paintings","x":391,"y":603,"w":142,"h":24,"lines":1,"tag":"a"},{"t":"About","x":391,"y":645,"w":76,"h":24,"lines":1,"tag":"a"},{"t":"The paintings · 10 works","x":40,"y":143,"w":688,"h":16,"lines":1,"tag":"p"},{"t":"The Museum · scroll to walk · drag to look · tap a paintingScroll to w","x":291,"y":417,"w":295,"h":32,"lines":1,"tag":"p"},{"t":"Skip the hall","x":40,"y":417,"w":186,"h":38,"lines":1,"tag":"button"}]
menu.closed "false"
menu.afterDown {"x":658,"y":54,"op":"0","vis":"visible","tr":"matrix(0.94, 0, 0, 0.94, 0, 12)"}
menu.afterUp {"x":656,"y":40,"op":"1","vis":"visible","tr":"none"}
console errors: []
--- exit 0 10:38:46
=== scripts/juror9-pages.mjs t768 10:38:46
home.burger null
bakery.burger {"label":"Open menu","expanded":"false","x":656,"y":40,"op":"1","vis":"visible","ptr":"auto"}
bakery.menuOpen {"label":"Open menu","expanded":"true","x":358,"y":40,"op":"1","vis":"visible","ptr":"auto"}
bakery.menuFloating [{"tag":"div","cls":"curtain-panel","t":"","x":0,"y":1024,"w":768,"h":1024},{"tag":"div","cls":"cnwm-menu-scrim","t":"","x":0,"y":0,"w":768,"h":1024},{"tag":"div","cls":"cnwm-menu fixed top-[var(--ui-inset)] right-[var(--ui-inset)","t":"Home01Bakery02Commissioner’s Office03Gilbert Home0","x":358,"y":40,"w":370,"h":662}]
bakery.menuClosed {"label":"Open menu","expanded":"false","x":656,"y":40,"op":"1","vis":"visible","ptr":"auto"}
bakery.burgerAfterDown {"label":"Open menu","expanded":"false","x":658,"y":54,"op":"0","vis":"visible","ptr":"none"}
bakery.burgerAfterUp {"label":"Open menu","expanded":"false","x":656,"y":40,"op":"1","vis":"visible","ptr":"auto"}
mansion.burger {"label":"Open menu","expanded":"false","x":656,"y":40,"op":"1","vis":"visible","ptr":"auto"}
mansion.menuOpen {"label":"Open menu","expanded":"true","x":358,"y":40,"op":"1","vis":"visible","ptr":"auto"}
mansion.menuFloating [{"tag":"div","cls":"curtain-panel","t":"","x":0,"y":1024,"w":768,"h":1024},{"tag":"div","cls":"cnwm-menu-scrim","t":"","x":0,"y":0,"w":768,"h":1024},{"tag":"div","cls":"cnwm-menu fixed top-[var(--ui-inset)] right-[var(--ui-inset)","t":"Home01Bakery02Commissioner’s Office03Gilbert Home0","x":358,"y":40,"w":370,"h":662}]
mansion.menuClosed {"label":"Open menu","expanded":"false","x":656,"y":40,"op":"1","vis":"visible","ptr":"auto"}
mansion.burgerAfterDown {"label":"Open menu","expanded":"false","x":658,"y":54,"op":"0","vis":"visible","ptr":"none"}
mansion.burgerAfterUp {"label":"Open menu","expanded":"false","x":656,"y":40,"op":"1","vis":"visible","ptr":"auto"}
ferry.burger {"label":"Open menu","expanded":"false","x":656,"y":40,"op":"1","vis":"visible","ptr":"auto"}
ferry.menuOpen {"label":"Open menu","expanded":"true","x":358,"y":40,"op":"1","vis":"visible","ptr":"auto"}
ferry.menuFloating [{"tag":"div","cls":"curtain-panel","t":"","x":0,"y":1024,"w":768,"h":1024},{"tag":"div","cls":"cnwm-menu-scrim","t":"","x":0,"y":0,"w":768,"h":1024},{"tag":"div","cls":"cnwm-menu fixed top-[var(--ui-inset)] right-[var(--ui-inset)","t":"Home01Bakery02Commissioner’s Office03Gilbert Home0","x":358,"y":40,"w":370,"h":662}]
ferry.menuClosed {"label":"Open menu","expanded":"false","x":656,"y":40,"op":"1","vis":"visible","ptr":"auto"}
ferry.burgerAfterDown {"label":"Open menu","expanded":"false","x":658,"y":54,"op":"0","vis":"visible","ptr":"none"}
ferry.burgerAfterUp {"label":"Open menu","expanded":"false","x":656,"y":40,"op":"1","vis":"visible","ptr":"auto"}
map.burger {"label":"Open menu","expanded":"false","x":656,"y":912,"op":"1","vis":"visible","ptr":"auto"}
map.menuOpen {"label":"Open menu","expanded":"true","x":358,"y":306,"op":"1","vis":"visible","ptr":"auto"}
map.menuFloating [{"tag":"div","cls":"curtain-panel","t":"","x":0,"y":1024,"w":768,"h":1024},{"tag":"div","cls":"cnwm-menu-scrim","t":"","x":0,"y":0,"w":768,"h":1024},{"tag":"div","cls":"cnwm-menu fixed bottom-[var(--ui-inset)] right-[var(--ui-ins","t":"Home01Bakery02Commissioner’s Office03Gilbert Home0","x":358,"y":306,"w":370,"h":678}]
map.menuClosed {"label":"Open menu","expanded":"false","x":656,"y":912,"op":"1","vis":"visible","ptr":"auto"}
map.burgerAfterDown {"label":"Open menu","expanded":"false","x":656,"y":912,"op":"1","vis":"visible","ptr":"auto"}
map.burgerAfterUp {"label":"Open menu","expanded":"false","x":656,"y":912,"op":"1","vis":"visible","ptr":"auto"}
people.burger {"label":"Open menu","expanded":"false","x":656,"y":40,"op":"1","vis":"visible","ptr":"auto"}
people.menuOpen {"label":"Open menu","expanded":"true","x":358,"y":40,"op":"1","vis":"visible","ptr":"auto"}
people.menuFloating [{"tag":"div","cls":"curtain-panel","t":"","x":0,"y":1024,"w":768,"h":1024},{"tag":"div","cls":"cnwm-menu-scrim","t":"","x":0,"y":0,"w":768,"h":1024},{"tag":"div","cls":"cnwm-menu fixed top-[var(--ui-inset)] right-[var(--ui-inset)","t":"Home01Bakery02Commissioner’s Office03Gilbert Home0","x":358,"y":40,"w":370,"h":662}]
people.menuClosed {"label":"Open menu","expanded":"false","x":656,"y":40,"op":"1","vis":"visible","ptr":"auto"}
people.burgerAfterDown {"label":"Open menu","expanded":"false","x":658,"y":54,"op":"0","vis":"visible","ptr":"none"}
people.burgerAfterUp {"label":"Open menu","expanded":"false","x":656,"y":40,"op":"1","vis":"visible","ptr":"auto"}
paintings.burger {"label":"Open menu","expanded":"false","x":656,"y":40,"op":"1","vis":"visible","ptr":"auto"}
paintings.menuOpen {"label":"Open menu","expanded":"true","x":358,"y":40,"op":"1","vis":"visible","ptr":"auto"}
paintings.menuFloating [{"tag":"div","cls":"curtain-panel","t":"","x":0,"y":1024,"w":768,"h":1024},{"tag":"div","cls":"cnwm-menu-scrim","t":"","x":0,"y":0,"w":768,"h":1024},{"tag":"div","cls":"cnwm-menu fixed top-[var(--ui-inset)] right-[var(--ui-inset)","t":"Home01Bakery02Commissioner’s Office03Gilbert Home0","x":358,"y":40,"w":370,"h":662},{"tag":"div","cls":"sticky top-0 h-dvh w-full overflow-hidden bg-primary-2","t":"The Museum · scroll to walk · drag to look · tap a","x":0,"y":377,"w":768,"h":1024}]
paintings.menuClosed {"label":"Open menu","expanded":"false","x":656,"y":40,"op":"1","vis":"visible","ptr":"auto"}
paintings.burgerAfterDown {"label":"Open menu","expanded":"false","x":658,"y":54,"op":"0","vis":"visible","ptr":"none"}
paintings.burgerAfterUp {"label":"Open menu","expanded":"false","x":656,"y":40,"op":"1","vis":"visible","ptr":"auto"}
about.burger {"label":"Open menu","expanded":"false","x":656,"y":40,"op":"1","vis":"visible","ptr":"auto"}
about.menuOpen {"label":"Open menu","expanded":"true","x":358,"y":40,"op":"1","vis":"visible","ptr":"auto"}
about.menuFloating [{"tag":"div","cls":"curtain-panel","t":"","x":0,"y":1024,"w":768,"h":1024},{"tag":"div","cls":"cnwm-menu-scrim","t":"","x":0,"y":0,"w":768,"h":1024},{"tag":"div","cls":"cnwm-menu fixed top-[var(--ui-inset)] right-[var(--ui-inset)","t":"Home01Bakery02Commissioner’s Office03Gilbert Home0","x":358,"y":40,"w":370,"h":662}]
about.menuClosed {"label":"Open menu","expanded":"false","x":656,"y":40,"op":"1","vis":"visible","ptr":"auto"}
about.burgerAfterDown {"label":"Open menu","expanded":"false","x":658,"y":54,"op":"0","vis":"visible","ptr":"none"}
about.burgerAfterUp {"label":"Open menu","expanded":"false","x":656,"y":40,"op":"1","vis":"visible","ptr":"auto"}
404nope.burger {"label":"Open menu","expanded":"false","x":656,"y":40,"op":"1","vis":"visible","ptr":"auto"}
404nope.menuOpen {"label":"Open menu","expanded":"true","x":358,"y":40,"op":"1","vis":"visible","ptr":"auto"}
404nope.menuFloating [{"tag":"div","cls":"curtain-panel","t":"","x":0,"y":1024,"w":768,"h":1024},{"tag":"div","cls":"cnwm-menu-scrim","t":"","x":0,"y":0,"w":768,"h":1024},{"tag":"div","cls":"cnwm-menu fixed top-[var(--ui-inset)] right-[var(--ui-inset)","t":"Home01Bakery02Commissioner’s Office03Gilbert Home0","x":358,"y":40,"w":370,"h":662}]
404nope.menuClosed {"label":"Open menu","expanded":"false","x":656,"y":40,"op":"1","vis":"visible","ptr":"auto"}
404nope.burgerAfterDown {"label":"Open menu","expanded":"false","x":658,"y":54,"op":"0","vis":"visible","ptr":"none"}
404nope.burgerAfterUp {"label":"Open menu","expanded":"false","x":656,"y":40,"op":"1","vis":"visible","ptr":"auto"}
trailingSlash.url "https://makeitnotable.github.io/Charles-Nalle-Walking-Memorial/bakery"
mansion.footerFloating [{"tag":"div","cls":"curtain-panel","t":"","x":0,"y":1024,"w":768,"h":1024},{"tag":"div","cls":"fixed bottom-[var(--ui-inset)] left-[var(--ui-inset)] z-[999","t":"00:02","x":40,"y":922,"w":114,"h":62}]
mansion.footerCovered []
console errors: [
 {
  "url": "https://makeitnotable.github.io/Charles-Nalle-Walking-Memorial/404-nope",
  "text": "Failed to load resource: the server responded with a status of 404 ()"
 },
 {
  "url": "https://makeitnotable.github.io/Charles-Nalle-Walking-Memorial/bakery/",
  "text": "Failed to load resource: the server responded with a status of 404 ()"
 }
]
--- exit 0 10:40:16
=== scripts/juror9-home-chapter.mjs t1024 10:40:16
home.floating [{"tag":"div","cls":"curtain-panel","t":"","x":0,"y":768,"w":1024,"h":768}]
home.cta {"x":387.0625,"y":665.546875,"width":249.875,"height":48}
home.eyebrow {"text":"Troy, New York · April 27, 1860","top":250,"bottom":267}
bakery.floating [{"tag":"div","cls":"curtain-panel","t":"","x":0,"y":768,"w":1024,"h":768},{"tag":"div","cls":"cnwm-menu fixed top-[var(--ui-inset)] right-[var(--ui-inset)","t":"Home01Bakery02Commissioner’s Office03Gilbert Home0","x":912,"y":40,"w":72,"h":72}]
bakery.burger-after-scrolldown [{"tag":"div","cls":"curtain-panel","t":"","x":0,"y":768,"w":1024,"h":768},{"tag":"nav","cls":"rail","t":"Sections in this chapter","x":40,"y":-114,"w":220,"h":145}]
bakery.burger-after-scrollup [{"tag":"div","cls":"curtain-panel","t":"","x":0,"y":768,"w":1024,"h":768},{"tag":"div","cls":"cnwm-menu fixed top-[var(--ui-inset)] right-[var(--ui-inset)","t":"Home01Bakery02Commissioner’s Office03Gilbert Home0","x":912,"y":40,"w":72,"h":72},{"tag":"nav","cls":"rail","t":"Sections in this chapter","x":40,"y":72,"w":220,"h":145}]
bakery.playbtn {"text":"","aria":"Play narration: Holeur’s Fashionable Bakery","box":{"x":40,"y":347.75,"width":56,"height":56}}
bakery.audio [{"paused":false,"t":2.369161,"src":"ch1-bakery.mp3"}]
bakery.paras 8
bakery.audio-after-tap [{"paused":false,"t":4.054672}]
bakery.down-floating [{"tag":"div","cls":"curtain-panel","t":"","x":0,"y":768,"w":1024,"h":768},{"tag":"div","cls":"fixed bottom-[var(--ui-inset)] left-[var(--ui-inset)] z-[999","t":"00:05","x":40,"y":666,"w":114,"h":62},{"tag":"nav","cls":"rail","t":"(03)The moral(01)Listen(02)History(03)The moral(04","x":40,"y":72,"w":220,"h":145},{"tag":"nav","cls":"rail","t":"(04)Onward(01)Listen(02)History(03)The moral(04)On","x":40,"y":618,"w":220,"h":145}]
bakery.up-floating [{"tag":"div","cls":"curtain-panel","t":"","x":0,"y":768,"w":1024,"h":768},{"tag":"div","cls":"cnwm-menu fixed top-[var(--ui-inset)] right-[var(--ui-inset)","t":"Home01Bakery02Commissioner’s Office03Gilbert Home0","x":912,"y":40,"w":72,"h":72},{"tag":"div","cls":"fixed bottom-[var(--ui-inset)] left-[var(--ui-inset)] z-[999","t":"Spot 0100:07 / 01:41","x":40,"y":666,"w":161,"h":62}]
bakery.moral-colors {"heading":"rgb(246, 243, 238)","body":"rgb(255, 151, 112)","caption":"rgb(255, 151, 112)","headingText":"NOT ALL LAWSARE MORAL","bodyText":"(03)"}
bakery.onward-floating [{"tag":"div","cls":"curtain-panel","t":"","x":0,"y":768,"w":1024,"h":768},{"tag":"div","cls":"fixed bottom-[var(--ui-inset)] left-[var(--ui-inset)] z-[999","t":"00:10","x":40,"y":666,"w":114,"h":62},{"tag":"nav","cls":"rail","t":"(04)Onward(01)Listen(02)History(03)The moral(04)On","x":40,"y":72,"w":220,"h":145}]
bakery.footer-floating [{"tag":"div","cls":"curtain-panel","t":"","x":0,"y":768,"w":1024,"h":768},{"tag":"div","cls":"fixed bottom-[var(--ui-inset)] left-[var(--ui-inset)] z-[999","t":"00:11","x":40,"y":666,"w":114,"h":62},{"tag":"nav","cls":"rail","t":"(04)Onward(01)Listen(02)History(03)The moral(04)On","x":40,"y":35,"w":220,"h":145}]
bakery.continue-btn {"text":"Continue","b":{"x":430.125,"y":131.703125,"width":186.84375,"height":48}}
after-continue.url "https://makeitnotable.github.io/Charles-Nalle-Walking-Memorial/commissioners-office"
barbershop.floating [{"tag":"div","cls":"curtain-panel","t":"","x":0,"y":768,"w":1024,"h":768},{"tag":"div","cls":"cnwm-menu fixed top-[var(--ui-inset)] right-[var(--ui-inset)","t":"Home01Bakery02Commissioner’s Office03Gilbert Home0","x":912,"y":40,"w":72,"h":72}]
barbershop.story-order "ITTT"
co.sections ["hero-media","hero-lockup","scene-0","history","moral-0","moral-0-heading","hero-2","scene-1","moral-1","moral-1-heading","onward"]
co.players 2
co.playbtns [{"i":0,"aria":"Play narration: Commissioner’s Office, Pt 1","text":""},{"i":1,"aria":"Play narration: Commissioner’s Office, Pt 2","text":""}]
co.audio-p2 [{"paused":true,"t":0},{"paused":false,"t":1.995893}]
co.floating-in-part1 [{"tag":"div","cls":"curtain-panel","t":"","x":0,"y":768,"w":1024,"h":768},{"tag":"div","cls":"cnwm-menu fixed top-[var(--ui-inset)] right-[var(--ui-inset)","t":"Home01Bakery02Commissioner’s Office03Gilbert Home0","x":912,"y":40,"w":72,"h":72},{"tag":"div","cls":"fixed bottom-[var(--ui-inset)] left-[var(--ui-inset)] z-[999","t":"Spot 02 · Pt 200:03 / 02:19","x":40,"y":666,"w":191,"h":62}]
co.audio-after-scroll [{"paused":true,"t":0},{"paused":false,"t":3.718511}]
co.foot-floating [{"tag":"div","cls":"curtain-panel","t":"","x":0,"y":768,"w":1024,"h":768},{"tag":"div","cls":"fixed bottom-[var(--ui-inset)] left-[var(--ui-inset)] z-[999","t":"00:11","x":40,"y":666,"w":114,"h":62},{"tag":"nav","cls":"rail","t":"(06)Onward(01)Listen · Pt 1(02)History(03)The mora","x":40,"y":-37,"w":220,"h":217}]
console errors: []
--- exit 0 10:41:07
=== scripts/juror9-map.mjs t1024 10:41:07
overview.markers [{"label":"Spot 1: Holeur’s Fashionable Bakery","x":633,"y":338,"w":0,"h":0,"cls":"mapboxgl-marker mapboxgl-marker-anchor-center","inner":"mapboxgl-marker mapboxgl-marker-anchor-center","current":null,"pressed":null,"inView":true},{"label":"Spot 2: Commissioner’s Office","x":550,"y":233,"w":0,"h":0,"cls":"mapboxgl-marker mapboxgl-marker-anchor-center","inner":"mapboxgl-marker mapboxgl-marker-anchor-center","current":null,"pressed":null,"inView":true},{"label":"Spot 3: Uri Gilbert Home","x":587,"y":400,"w":0,"h":0,"cls":"mapboxgl-marker mapboxgl-marker-anchor-center","inner":"mapboxgl-marker mapboxgl-marker-anchor-center","current":null,"pressed":null,"inView":true},{"label":"Spot 4: Washington Street Ferry Landing (no plaque","x":403,"y":638,"w":0,"h":0,"cls":"mapboxgl-marker mapboxgl-marker-anchor-center","inner":"mapboxgl-marker mapboxgl-marker-anchor-center","current":null,"pressed":null,"inView":true},{"label":"Spot 5: Peter Baltimore’s Barbershop","x":539,"y":225,"w":0,"h":0,"cls":"mapboxgl-marker mapboxgl-marker-anchor-center","inner":"mapboxgl-marker mapboxgl-marker-anchor-center","current":null,"pressed":null,"inView":true}]
overview.floating [{"tag":"div","cls":"curtain-panel","t":"","x":0,"y":768,"w":1024,"h":768},{"tag":"div","cls":"cnwm-menu fixed bottom-[var(--ui-inset)] right-[var(--ui-ins","t":"Home01Bakery02Commissioner’s Office03Gilbert Home0","x":912,"y":656,"w":72,"h":72}]
overview.buttons {"Take the walk":{"x":322.625,"y":668,"width":206.703125,"height":48},"See Troy in 1858":{"x":541.328125,"y":670,"width":160.046875,"height":44}}
overview.scrollY 0
index.titles [{"t":"Holeur’s Fashionable Bakery","lines":1},{"t":"Commissioner’s Office","lines":1},{"t":"Uri Gilbert Home","lines":1},{"t":"Washington Street Ferry Landing","lines":1},{"t":"Peter Baltimore’s Barbershop","lines":1}]
take.btn {"x":322.625,"y":528,"width":206.703125,"height":48}
walk.scrollY-after-take 0
walk.buttons-1s {"Stop the walk":{"x":814.1875,"y":40,"width":169.8125,"height":38},"Back":{"x":40,"y":40,"width":174.734375,"height":38}}
walk.floating [{"tag":"div","cls":"curtain-panel","t":"","x":0,"y":768,"w":1024,"h":768},{"tag":"div","cls":"cnwm-menu fixed bottom-[var(--ui-inset)] right-[var(--ui-ins","t":"Home01Bakery02Commissioner’s Office03Gilbert Home0","x":912,"y":656,"w":72,"h":72},{"tag":"div","cls":"fixed right-0 bottom-0 left-0 z-10 pb-[calc(var(--ui-inset)+","t":"Spot1Holeur’s Fashionable BakerySpot2Commissioner’","x":0,"y":440,"w":1024,"h":328}]
walk.markers-4s [{"label":"Spot 1: Holeur’s Fashionable Bakery","x":782,"y":617,"w":0,"h":0,"cls":"mapboxgl-marker mapboxgl-marker-anchor-center","inner":"mapboxgl-marker mapboxgl-marker-anchor-center","current":null,"pressed":null,"inView":true},{"label":"Spot 2: Commissioner’s Office","x":429,"y":98,"w":0,"h":0,"cls":"mapboxgl-marker mapboxgl-marker-anchor-center","inner":"mapboxgl-marker mapboxgl-marker-anchor-center","current":null,"pressed":null,"inView":true},{"label":"Spot 3: Uri Gilbert Home","x":516,"y":1259,"w":0,"h":0,"cls":"mapboxgl-marker mapboxgl-marker-anchor-center","inner":"mapboxgl-marker mapboxgl-marker-anchor-center","current":null,"pressed":null,"inView":false},{"label":"Spot 4: Washington Street Ferry Landing (no plaque","x":33554428,"y":33554428,"w":0,"h":0,"cls":"mapboxgl-marker mapboxgl-marker-anchor-center","inner":"mapboxgl-marker mapboxgl-marker-anchor-center","current":null,"pressed":null,"inView":false},{"label":"Spot 5: Peter Baltimore’s Barbershop","x":397,"y":72,"w":0,"h":0,"cls":"mapboxgl-marker mapboxgl-marker-anchor-center","inner":"mapboxgl-marker mapboxgl-marker-anchor-center","current":null,"pressed":null,"inView":true}]
walk.cards-4s [{"x":-276,"w":515,"y":440,"h":192,"t":"Spot1Holeur’s\nFashionable Bake"},{"x":255,"w":515,"y":440,"h":192,"t":"Spot2Commissioner’s\nOffice"},{"x":785,"w":515,"y":440,"h":192,"t":"Spot3Uri Gilbert Home"},{"x":1316,"w":515,"y":440,"h":192,"t":"Spot4Washington Street Ferry L"},{"x":1846,"w":515,"y":440,"h":192,"t":"Spot5Peter Baltimore’s Barbers"}]
walk.markers-8s [{"label":"Spot 1: Holeur’s Fashionable Bakery","x":917,"y":38,"w":0,"h":0,"cls":"mapboxgl-marker mapboxgl-marker-anchor-center","inner":"mapboxgl-marker mapboxgl-marker-anchor-center","current":null,"pressed":null,"inView":true},{"label":"Spot 2: Commissioner’s Office","x":773,"y":-242,"w":0,"h":0,"cls":"mapboxgl-marker mapboxgl-marker-anchor-center","inner":"mapboxgl-marker mapboxgl-marker-anchor-center","current":null,"pressed":null,"inView":false},{"label":"Spot 3: Uri Gilbert Home","x":502,"y":238,"w":0,"h":0,"cls":"mapboxgl-marker mapboxgl-marker-anchor-center","inner":"mapboxgl-marker mapboxgl-marker-anchor-center","current":null,"pressed":null,"inView":true},{"label":"Spot 4: Washington Street Ferry Landing (no plaque","x":-7615,"y":4010,"w":0,"h":0,"cls":"mapboxgl-marker mapboxgl-marker-anchor-center","inner":"mapboxgl-marker mapboxgl-marker-anchor-center","current":null,"pressed":null,"inView":false},{"label":"Spot 5: Peter Baltimore’s Barbershop","x":752,"y":-257,"w":0,"h":0,"cls":"mapboxgl-marker mapboxgl-marker-anchor-center","inner":"mapboxgl-marker mapboxgl-marker-anchor-center","current":null,"pressed":null,"inView":false}]
walk.buttons-8s {"Stop the walk":{"x":814.1875,"y":40,"width":169.8125,"height":38},"Back":{"x":40,"y":40,"width":174.734375,"height":38}}
drag.buttons-immediately {"Continue":{"x":857.640625,"y":40,"width":126.359375,"height":38},"Back":{"x":40,"y":40,"width":174.734375,"height":38}}
drag.cards-after [{"x":-1337,"w":515,"y":440,"h":192,"t":"Spot1Holeur’s\nFashionable Bake"},{"x":-806,"w":515,"y":440,"h":192,"t":"Spot2Commissioner’s\nOffice"},{"x":-276,"w":515,"y":440,"h":192,"t":"Spot3Uri Gilbert Home"},{"x":255,"w":515,"y":440,"h":192,"t":"Spot4Washington Street Ferry L"},{"x":785,"w":515,"y":440,"h":192,"t":"Spot5Peter Baltimore’s Barbers"}]
drag.samples [-275,-275,-275,-275,-275,-308,-308,-341,-341,-374,-374,-407,-407,-440,-440,-473,-473,-473,-506,-506,-539,-539,-571,-571,-604,-604,-604,-637,-637,-670,-670,-703,-703,-727,-740,-751,-760,-767,-776,-781]
drag.markers [{"label":"Spot 1: Holeur’s Fashionable Bakery","x":1578,"y":-267,"w":0,"h":0,"cls":"mapboxgl-marker mapboxgl-marker-anchor-center","inner":"mapboxgl-marker mapboxgl-marker-anchor-center","current":null,"pressed":null,"inView":false},{"label":"Spot 2: Commissioner’s Office","x":1265,"y":-387,"w":0,"h":0,"cls":"mapboxgl-marker mapboxgl-marker-anchor-center","inner":"mapboxgl-marker mapboxgl-marker-anchor-center","current":null,"pressed":null,"inView":false},{"label":"Spot 3: Uri Gilbert Home","x":1441,"y":-200,"w":0,"h":0,"cls":"mapboxgl-marker mapboxgl-marker-anchor-center","inner":"mapboxgl-marker mapboxgl-marker-anchor-center","current":null,"pressed":null,"inView":false},{"label":"Spot 4: Washington Street Ferry Landing (no plaque","x":505,"y":223,"w":0,"h":0,"cls":"mapboxgl-marker mapboxgl-marker-anchor-center","inner":"mapboxgl-marker mapboxgl-marker-anchor-center","current":null,"pressed":null,"inView":true},{"label":"Spot 5: Peter Baltimore’s Barbershop","x":1235,"y":-395,"w":0,"h":0,"cls":"mapboxgl-marker mapboxgl-marker-anchor-center","inner":"mapboxgl-marker mapboxgl-marker-anchor-center","current":null,"pressed":null,"inView":false}]
smalldrag.before [-1337,-806,-276,255,785]
smalldrag.after [-1337,-806,-276,255,785]
continue.btn {"t":"Continue","aria":"Continue the walk","b":{"x":857.640625,"y":40,"width":126.359375,"height":38}}
continue.buttons {"Stop the walk":{"x":814.1875,"y":40,"width":169.8125,"height":38},"Back":{"x":40,"y":40,"width":174.734375,"height":38}}
back.btn {"t":"Back to map","aria":"Back to map","b":{"x":40,"y":40,"width":174.734375,"height":38}}
back.markers [{"label":"Spot 1: Holeur’s Fashionable Bakery","x":633,"y":338,"w":0,"h":0,"cls":"mapboxgl-marker mapboxgl-marker-anchor-center","inner":"mapboxgl-marker mapboxgl-marker-anchor-center","current":null,"pressed":null,"inView":true},{"label":"Spot 2: Commissioner’s Office","x":550,"y":233,"w":0,"h":0,"cls":"mapboxgl-marker mapboxgl-marker-anchor-center","inner":"mapboxgl-marker mapboxgl-marker-anchor-center","current":null,"pressed":null,"inView":true},{"label":"Spot 3: Uri Gilbert Home","x":587,"y":400,"w":0,"h":0,"cls":"mapboxgl-marker mapboxgl-marker-anchor-center","inner":"mapboxgl-marker mapboxgl-marker-anchor-center","current":null,"pressed":null,"inView":true},{"label":"Spot 4: Washington Street Ferry Landing (no plaque","x":403,"y":638,"w":0,"h":0,"cls":"mapboxgl-marker mapboxgl-marker-anchor-center","inner":"mapboxgl-marker mapboxgl-marker-anchor-center","current":null,"pressed":null,"inView":true},{"label":"Spot 5: Peter Baltimore’s Barbershop","x":539,"y":225,"w":0,"h":0,"cls":"mapboxgl-marker mapboxgl-marker-anchor-center","inner":"mapboxgl-marker mapboxgl-marker-anchor-center","current":null,"pressed":null,"inView":true}]
back.buttons {"Take the walk":{"x":322.625,"y":668,"width":206.703125,"height":48},"See Troy in 1858":{"x":541.328125,"y":670,"width":160.046875,"height":44}}
back.floating [{"tag":"div","cls":"curtain-panel","t":"","x":0,"y":768,"w":1024,"h":768},{"tag":"div","cls":"cnwm-menu fixed bottom-[var(--ui-inset)] right-[var(--ui-ins","t":"Home01Bakery02Commissioner’s Office03Gilbert Home0","x":912,"y":656,"w":72,"h":72}]
lens.btn {"x":541.328125,"y":670,"width":160.046875,"height":44}
lens.floating [{"tag":"div","cls":"curtain-panel","t":"","x":0,"y":768,"w":1024,"h":768},{"tag":"div","cls":"cnwm-menu fixed bottom-[var(--ui-inset)] right-[var(--ui-ins","t":"Home01Bakery02Commissioner’s Office03Gilbert Home0","x":912,"y":656,"w":72,"h":72}]
lens.buttons {"Back":{"x":427.46875,"y":684,"width":169.046875,"height":44},"Back to today":{"x":427.46875,"y":684,"width":169.046875,"height":44}}
lens.caption [{"t":"+−⟲Troy, New York · 1858 · Library of CongressDrag to explore · pinch or scroll to zoomDrag to explore · pinch to zoomBack to today","lines":1,"r":[0,0,1024,768]},{"t":"Drag to explore · pinch or scroll to zoomDrag to explore · pinch to zoom","lines":1,"r":[378,651,268,21]},{"t":"Drag to explore · pinch or scroll to zoom","lines":1,"r":[378,652,268,18]}]
lens.backtoday {"x":427.46875,"y":684,"width":169.046875,"height":44}
afterlens.buttons {"Take the walk":{"x":322.625,"y":668,"width":206.703125,"height":48},"See Troy in 1858":{"x":541.328125,"y":670,"width":160.046875,"height":44}}
afterlens.markers [{"label":"Spot 1: Holeur’s Fashionable Bakery","x":633,"y":338,"w":0,"h":0,"cls":"mapboxgl-marker mapboxgl-marker-anchor-center","inner":"mapboxgl-marker mapboxgl-marker-anchor-center","current":null,"pressed":null,"inView":true},{"label":"Spot 2: Commissioner’s Office","x":550,"y":233,"w":0,"h":0,"cls":"mapboxgl-marker mapboxgl-marker-anchor-center","inner":"mapboxgl-marker mapboxgl-marker-anchor-center","current":null,"pressed":null,"inView":true},{"label":"Spot 3: Uri Gilbert Home","x":587,"y":400,"w":0,"h":0,"cls":"mapboxgl-marker mapboxgl-marker-anchor-center","inner":"mapboxgl-marker mapboxgl-marker-anchor-center","current":null,"pressed":null,"inView":true},{"label":"Spot 4: Washington Street Ferry Landing (no plaque","x":403,"y":638,"w":0,"h":0,"cls":"mapboxgl-marker mapboxgl-marker-anchor-center","inner":"mapboxgl-marker mapboxgl-marker-anchor-center","current":null,"pressed":null,"inView":true},{"label":"Spot 5: Peter Baltimore’s Barbershop","x":539,"y":225,"w":0,"h":0,"cls":"mapboxgl-marker mapboxgl-marker-anchor-center","inner":"mapboxgl-marker mapboxgl-marker-anchor-center","current":null,"pressed":null,"inView":true}]
markertap.buttons {"Continue":{"x":857.640625,"y":40,"width":126.359375,"height":38},"Back":{"x":40,"y":40,"width":174.734375,"height":38}}
markertap.floating [{"tag":"div","cls":"curtain-panel","t":"","x":0,"y":768,"w":1024,"h":768},{"tag":"div","cls":"cnwm-menu fixed bottom-[var(--ui-inset)] right-[var(--ui-ins","t":"Home01Bakery02Commissioner’s Office03Gilbert Home0","x":912,"y":656,"w":72,"h":72},{"tag":"div","cls":"fixed right-0 bottom-0 left-0 z-10 pb-[calc(var(--ui-inset)+","t":"Spot1Holeur’s Fashionable BakerySpot2Commissioner’","x":0,"y":440,"w":1024,"h":328}]
menu.burger {"x":912,"y":656,"width":72,"height":72}
console errors: []
--- exit 0 10:41:46
=== scripts/juror9-museum.mjs t1024 10:41:46
top.ui [{"t":"Skip to content","x":-999,"y":0,"w":148,"h":40,"lines":1,"tag":"a"},{"t":"Open menu","x":912,"y":40,"w":72,"h":72,"lines":1,"tag":"button"},{"t":"The paintings · 10 works","x":40,"y":108,"w":944,"h":16,"lines":1,"tag":"p"},{"t":"The Museum · scroll to walk · drag to look · tap a paintingScroll to w","x":244,"y":381,"w":536,"h":32,"lines":1,"tag":"p"},{"t":"Skip the hall","x":40,"y":381,"w":186,"h":38,"lines":1,"tag":"button"}]
top.stage {"top":341,"h":768,"scrollY":0}
top.state {"mode":"rail","railIdx":0,"railT":0,"approached":null,"zoom":1,"alive":-1,"look":{"yaw":0,"pitch":-0.09999999999999992,"dragYaw":0,"dragPitch":0},"sheet":"peek","fov":58,"portrait":false}
top.rect0 {"l":824,"t":426,"r":1158,"b":816,"w":334,"h":390,"behind":false}
top.clickAt [991,621]
fromtop.state {"mode":"approach","railIdx":0,"railT":0,"approached":0,"zoom":1,"alive":-1,"look":{"yaw":-1.5707962150634112,"pitch":-7.1130472885458124e-9,"dragYaw":0,"dragPitch":0},"sheet":"peek","fov":58,"portrait":false}
fromtop.stage {"top":0,"h":768,"scrollY":341}
fromtop.ui [{"t":"Open menu","x":914,"y":54,"w":68,"h":68,"lines":1,"tag":"button"},{"t":"Bring the painting to life","x":291,"y":260,"w":442,"h":248,"lines":1,"tag":"button"},{"t":"Mark Priest · Nalle Series · Spot 01","x":60,"y":207,"w":168,"h":32,"lines":1,"tag":"p"},{"t":"United States Deputy Marshal Holmes","x":60,"y":455,"w":168,"h":49,"lines":1,"tag":"figcaption"},{"t":"Back to the hall","x":60,"y":524,"w":168,"h":38,"lines":1,"tag":"button"},{"t":"01 / 10","x":326,"y":704,"w":45,"h":16,"lines":1,"tag":"p"},{"t":"Approach “Holeur’s Fashionable Bakery”","x":386,"y":700,"w":24,"h":24,"lines":1,"tag":"button"},{"t":"Approach “Commissioner’s Office”","x":418,"y":700,"w":24,"h":24,"lines":1,"tag":"button"},{"t":"Approach “Commissioner’s Office · Part 2”","x":450,"y":700,"w":24,"h":24,"lines":1,"tag":"button"},{"t":"Approach “Uri Gilbert Home”","x":482,"y":700,"w":24,"h":24,"lines":1,"tag":"button"},{"t":"Approach “Washington Street Ferry Landing”","x":514,"y":700,"w":24,"h":24,"lines":1,"tag":"button"},{"t":"Approach “Washington Street Ferry Landing · Narrative I”","x":546,"y":700,"w":24,"h":24,"lines":1,"tag":"button"},{"t":"Approach “Washington Street Ferry Landing · Narrative II”","x":578,"y":700,"w":24,"h":24,"lines":1,"tag":"button"},{"t":"Approach “Peter Baltimore’s Barbershop”","x":610,"y":700,"w":24,"h":24,"lines":1,"tag":"button"},{"t":"Approach “Peter Baltimore’s Barbershop · Narrative I”","x":642,"y":700,"w":24,"h":24,"lines":1,"tag":"button"},{"t":"Approach “Peter Baltimore’s Barbershop · Narrative II”","x":674,"y":700,"w":24,"h":24,"lines":1,"tag":"button"}]
fromtop.rect {"l":291,"t":260,"r":733,"b":509,"w":442,"h":248,"behind":false}
fromtop.back {"x":60,"y":524.046875,"width":168,"height":38}
fromtop.focusAfterBackClick {"t":"// Progressive enhancement flag: scroll-","tag":"BODY","outline":"none 3px rgb(254, 217, 204)","boxShadow":"none","fv":false}
fromtop.stateAfterBack {"mode":"rail","railIdx":0,"railT":0,"approached":null,"zoom":1,"alive":-1,"look":{"yaw":-0.000009436576232352486,"pitch":-0.0999993992488987,"dragYaw":0,"dragPitch":0},"sheet":"peek","fov":58,"portrait":false}
rail.total 11640
rail.0.12.state {"mode":"rail","railIdx":0,"railT":0.15273482711226852,"approached":null,"zoom":1,"alive":-1,"look":{"yaw":-2.0793677435140657e-13,"pitch":-0.09999999999998677,"dragYaw":0,"dragPitch":0},"sheet":"peek","fov":58,"portrait":false}
rail.0.12.ui [{"t":"Open menu","x":914,"y":54,"w":68,"h":68,"lines":1,"tag":"button"},{"t":"The Museum · scroll to walk · drag to look · tap a paintingScroll to w","x":244,"y":40,"w":536,"h":32,"lines":1,"tag":"p"},{"t":"Skip the hall","x":40,"y":40,"w":186,"h":38,"lines":1,"tag":"button"},{"t":"01 / 10","x":326,"y":704,"w":45,"h":16,"lines":1,"tag":"p"},{"t":"Approach “Holeur’s Fashionable Bakery”","x":386,"y":700,"w":24,"h":24,"lines":1,"tag":"button"},{"t":"Approach “Commissioner’s Office”","x":418,"y":700,"w":24,"h":24,"lines":1,"tag":"button"},{"t":"Approach “Commissioner’s Office · Part 2”","x":450,"y":700,"w":24,"h":24,"lines":1,"tag":"button"},{"t":"Approach “Uri Gilbert Home”","x":482,"y":700,"w":24,"h":24,"lines":1,"tag":"button"},{"t":"Approach “Washington Street Ferry Landing”","x":514,"y":700,"w":24,"h":24,"lines":1,"tag":"button"},{"t":"Approach “Washington Street Ferry Landing · Narrative I”","x":546,"y":700,"w":24,"h":24,"lines":1,"tag":"button"},{"t":"Approach “Washington Street Ferry Landing · Narrative II”","x":578,"y":700,"w":24,"h":24,"lines":1,"tag":"button"},{"t":"Approach “Peter Baltimore’s Barbershop”","x":610,"y":700,"w":24,"h":24,"lines":1,"tag":"button"},{"t":"Approach “Peter Baltimore’s Barbershop · Narrative I”","x":642,"y":700,"w":24,"h":24,"lines":1,"tag":"button"},{"t":"Approach “Peter Baltimore’s Barbershop · Narrative II”","x":674,"y":700,"w":24,"h":24,"lines":1,"tag":"button"}]
rail.0.3.state {"mode":"rail","railIdx":4,"railT":0.4558308919270833,"approached":null,"zoom":1,"alive":-1,"look":{"yaw":-1.4325404921077548e-19,"pitch":-0.09999999999999991,"dragYaw":0,"dragPitch":0},"sheet":"peek","fov":58,"portrait":false}
rail.0.3.ui [{"t":"Open menu","x":914,"y":54,"w":68,"h":68,"lines":1,"tag":"button"},{"t":"The Museum · scroll to walk · drag to look · tap a paintingScroll to w","x":244,"y":40,"w":536,"h":32,"lines":1,"tag":"p"},{"t":"Skip the hall","x":40,"y":40,"w":186,"h":38,"lines":1,"tag":"button"},{"t":"05 / 10","x":325,"y":704,"w":46,"h":16,"lines":1,"tag":"p"},{"t":"Approach “Holeur’s Fashionable Bakery”","x":387,"y":700,"w":24,"h":24,"lines":1,"tag":"button"},{"t":"Approach “Commissioner’s Office”","x":419,"y":700,"w":24,"h":24,"lines":1,"tag":"button"},{"t":"Approach “Commissioner’s Office · Part 2”","x":451,"y":700,"w":24,"h":24,"lines":1,"tag":"button"},{"t":"Approach “Uri Gilbert Home”","x":483,"y":700,"w":24,"h":24,"lines":1,"tag":"button"},{"t":"Approach “Washington Street Ferry Landing”","x":515,"y":700,"w":24,"h":24,"lines":1,"tag":"button"},{"t":"Approach “Washington Street Ferry Landing · Narrative I”","x":547,"y":700,"w":24,"h":24,"lines":1,"tag":"button"},{"t":"Approach “Washington Street Ferry Landing · Narrative II”","x":579,"y":700,"w":24,"h":24,"lines":1,"tag":"button"},{"t":"Approach “Peter Baltimore’s Barbershop”","x":611,"y":700,"w":24,"h":24,"lines":1,"tag":"button"},{"t":"Approach “Peter Baltimore’s Barbershop · Narrative I”","x":643,"y":700,"w":24,"h":24,"lines":1,"tag":"button"},{"t":"Approach “Peter Baltimore’s Barbershop · Narrative II”","x":675,"y":700,"w":24,"h":24,"lines":1,"tag":"button"}]
look.state {"mode":"rail","railIdx":4,"railT":0.4558308919270833,"approached":null,"zoom":1,"alive":-1,"look":{"yaw":-3.441513156731738,"pitch":-0.09999999999999995,"dragYaw":-3.442628342868696,"dragPitch":0},"sheet":"peek","fov":58,"portrait":false}
look.ui [{"t":"Open menu","x":914,"y":54,"w":68,"h":68,"lines":1,"tag":"button"},{"t":"Face forward","x":429,"y":40,"w":165,"h":38,"lines":1,"tag":"button"},{"t":"Skip the hall","x":40,"y":40,"w":186,"h":38,"lines":1,"tag":"button"},{"t":"05 / 10","x":325,"y":704,"w":46,"h":16,"lines":1,"tag":"p"},{"t":"Approach “Holeur’s Fashionable Bakery”","x":387,"y":700,"w":24,"h":24,"lines":1,"tag":"button"},{"t":"Approach “Commissioner’s Office”","x":419,"y":700,"w":24,"h":24,"lines":1,"tag":"button"},{"t":"Approach “Commissioner’s Office · Part 2”","x":451,"y":700,"w":24,"h":24,"lines":1,"tag":"button"},{"t":"Approach “Uri Gilbert Home”","x":483,"y":700,"w":24,"h":24,"lines":1,"tag":"button"},{"t":"Approach “Washington Street Ferry Landing”","x":515,"y":700,"w":24,"h":24,"lines":1,"tag":"button"},{"t":"Approach “Washington Street Ferry Landing · Narrative I”","x":547,"y":700,"w":24,"h":24,"lines":1,"tag":"button"},{"t":"Approach “Washington Street Ferry Landing · Narrative II”","x":579,"y":700,"w":24,"h":24,"lines":1,"tag":"button"},{"t":"Approach “Peter Baltimore’s Barbershop”","x":611,"y":700,"w":24,"h":24,"lines":1,"tag":"button"},{"t":"Approach “Peter Baltimore’s Barbershop · Narrative I”","x":643,"y":700,"w":24,"h":24,"lines":1,"tag":"button"},{"t":"Approach “Peter Baltimore’s Barbershop · Narrative II”","x":675,"y":700,"w":24,"h":24,"lines":1,"tag":"button"}]
look.faceForward {"x":429.421875,"y":40,"width":165.15625,"height":38}
look.afterFF {"mode":"rail","railIdx":4,"railT":0.4558308919270833,"approached":null,"zoom":1,"alive":-1,"look":{"yaw":-6.282950998688471,"pitch":-0.09999999999999995,"dragYaw":0,"dragPitch":0},"sheet":"peek","fov":58,"portrait":false}
approach.idx 5
approach.rectBefore {"l":77,"t":160,"r":259,"b":424,"w":182,"h":264,"behind":false}
approach.state {"mode":"approach","railIdx":4,"railT":0.4558308919270833,"approached":5,"zoom":1,"alive":-1,"look":{"yaw":-4.712389104247131,"pitch":-7.88573746801753e-9,"dragYaw":0,"dragPitch":0},"sheet":"peek","fov":58,"portrait":false}
approach.rect {"l":291,"t":260,"r":733,"b":508,"w":442,"h":248,"behind":false}
approach.ui [{"t":"Open menu","x":914,"y":54,"w":68,"h":68,"lines":1,"tag":"button"},{"t":"Bring the painting to life","x":291,"y":260,"w":442,"h":248,"lines":1,"tag":"button"},{"t":"Mark Priest · Nalle Series · Spot 04","x":60,"y":252,"w":168,"h":32,"lines":1,"tag":"p"},{"t":"Back to the hall","x":60,"y":478,"w":168,"h":38,"lines":1,"tag":"button"},{"t":"06 / 10","x":325,"y":704,"w":47,"h":16,"lines":1,"tag":"p"},{"t":"Approach “Holeur’s Fashionable Bakery”","x":387,"y":700,"w":24,"h":24,"lines":1,"tag":"button"},{"t":"Approach “Commissioner’s Office”","x":419,"y":700,"w":24,"h":24,"lines":1,"tag":"button"},{"t":"Approach “Commissioner’s Office · Part 2”","x":451,"y":700,"w":24,"h":24,"lines":1,"tag":"button"},{"t":"Approach “Uri Gilbert Home”","x":483,"y":700,"w":24,"h":24,"lines":1,"tag":"button"},{"t":"Approach “Washington Street Ferry Landing”","x":515,"y":700,"w":24,"h":24,"lines":1,"tag":"button"},{"t":"Approach “Washington Street Ferry Landing · Narrative I”","x":547,"y":700,"w":24,"h":24,"lines":1,"tag":"button"},{"t":"Approach “Washington Street Ferry Landing · Narrative II”","x":579,"y":700,"w":24,"h":24,"lines":1,"tag":"button"},{"t":"Approach “Peter Baltimore’s Barbershop”","x":611,"y":700,"w":24,"h":24,"lines":1,"tag":"button"},{"t":"Approach “Peter Baltimore’s Barbershop · Narrative I”","x":643,"y":700,"w":24,"h":24,"lines":1,"tag":"button"},{"t":"Approach “Peter Baltimore’s Barbershop · Narrative II”","x":675,"y":700,"w":24,"h":24,"lines":1,"tag":"button"}]
approach.plaque [{"tag":"P","t":"Charles","lines":1,"x":274,"y":288,"w":475,"h":99},{"tag":"P","t":"Nalle","lines":1,"x":410,"y":381,"w":339,"h":99},{"tag":"P","t":"Mark Priest · Nalle Series · Spot 04","lines":1,"x":60,"y":252,"w":168,"h":32},{"tag":"P","t":"Washington Street Ferry LandingNarrative I","lines":1,"x":60,"y":297,"w":168,"h":161},{"tag":"P","t":"06 / 10","lines":1,"x":325,"y":704,"w":47,"h":16}]
alive.state {"mode":"approach","railIdx":4,"railT":0.4558308919270833,"approached":5,"zoom":1,"alive":5,"look":{"yaw":-4.712388980384705,"pitch":-8.841012399396464e-16,"dragYaw":0,"dragPitch":0},"sheet":"peek","fov":58,"portrait":false}
alive.video [{"paused":true,"t":0,"w":0,"h":0}]
alive.afterSecondTap {"mode":"approach","railIdx":4,"railT":0.4558308919270833,"approached":5,"zoom":1,"alive":-1,"look":{"yaw":-4.712388980384696,"pitch":-2.024244573592345e-18,"dragYaw":0,"dragPitch":0},"sheet":"peek","fov":58,"portrait":false}
back.btn {"x":60,"y":477.65625,"width":168,"height":38}
back.state {"mode":"rail","railIdx":4,"railT":0.4558308919270833,"approached":null,"zoom":1,"alive":-1,"look":{"yaw":-6.283165429583689,"pitch":-0.09999873455294243,"dragYaw":0,"dragPitch":0},"sheet":"peek","fov":58,"portrait":false}
last.state {"mode":"approach","railIdx":4,"railT":0.4558308919270833,"approached":9,"zoom":1,"alive":-1,"look":{"yaw":-4.712388986038558,"pitch":-3.5993644775522595e-10,"dragYaw":0,"dragPitch":0},"sheet":"peek","fov":58,"portrait":false}
last.rect {"l":347,"t":136,"r":677,"b":632,"w":330,"h":495,"behind":false}
last.ui [{"t":"Open menu","x":914,"y":54,"w":68,"h":68,"lines":1,"tag":"button"},{"t":"Bring the painting to life","x":347,"y":136,"w":330,"h":495,"lines":1,"tag":"button"},{"t":"Mark Priest · Nalle Series · Spot 05","x":60,"y":268,"w":168,"h":32,"lines":1,"tag":"p"},{"t":"Back to the hall","x":60,"y":462,"w":168,"h":38,"lines":1,"tag":"button"},{"t":"10 / 10","x":326,"y":704,"w":45,"h":16,"lines":1,"tag":"p"},{"t":"Approach “Holeur’s Fashionable Bakery”","x":386,"y":700,"w":24,"h":24,"lines":1,"tag":"button"},{"t":"Approach “Commissioner’s Office”","x":418,"y":700,"w":24,"h":24,"lines":1,"tag":"button"},{"t":"Approach “Commissioner’s Office · Part 2”","x":450,"y":700,"w":24,"h":24,"lines":1,"tag":"button"},{"t":"Approach “Uri Gilbert Home”","x":482,"y":700,"w":24,"h":24,"lines":1,"tag":"button"},{"t":"Approach “Washington Street Ferry Landing”","x":514,"y":700,"w":24,"h":24,"lines":1,"tag":"button"},{"t":"Approach “Washington Street Ferry Landing · Narrative I”","x":546,"y":700,"w":24,"h":24,"lines":1,"tag":"button"},{"t":"Approach “Washington Street Ferry Landing · Narrative II”","x":578,"y":700,"w":24,"h":24,"lines":1,"tag":"button"},{"t":"Approach “Peter Baltimore’s Barbershop”","x":610,"y":700,"w":24,"h":24,"lines":1,"tag":"button"},{"t":"Approach “Peter Baltimore’s Barbershop · Narrative I”","x":642,"y":700,"w":24,"h":24,"lines":1,"tag":"button"},{"t":"Approach “Peter Baltimore’s Barbershop · Narrative II”","x":674,"y":700,"w":24,"h":24,"lines":1,"tag":"button"}]
last.plaque []
esc.state {"mode":"rail","railIdx":4,"railT":0.4558308919270833,"approached":null,"zoom":1,"alive":-1,"look":{"yaw":-6.283052407671998,"pitch":-0.09999153935457311,"dragYaw":0,"dragPitch":0},"sheet":"peek","fov":58,"portrait":false}
title.5.rect {"l":291,"t":260,"r":733,"b":508,"w":442,"h":248,"behind":false}
title.6.rect {"l":291,"t":260,"r":733,"b":508,"w":442,"h":248,"behind":false}
title.8.rect {"l":294,"t":239,"r":730,"b":529,"w":435,"h":290,"behind":false}
title.9.rect {"l":347,"t":136,"r":677,"b":632,"w":330,"h":495,"behind":false}
titles {"5":[],"6":[],"8":[],"9":[]}
kb.focusBeforeEnter {"t":"Approach “Washington Street Ferry Landin","tag":"BUTTON","outline":"solid 2px rgb(242, 104, 53)","boxShadow":"none","fv":true}
kb.tabs [{"t":"Skip to content","tag":"A","outline":"solid 2px rgb(242, 104, 53)","boxShadow":"none","fv":true},{"t":"Open menu","tag":"BUTTON","outline":"solid 2px rgb(242, 104, 53)","boxShadow":"none","fv":true},{"t":"Skip the hall","tag":"BUTTON","outline":"solid 2px rgb(242, 104, 53)","boxShadow":"none","fv":true},{"t":"Approach “Holeur’s Fashionable Bakery”","tag":"BUTTON","outline":"solid 2px rgb(242, 105, 54)","boxShadow":"none","fv":true},{"t":"Approach “Commissioner’s Office”","tag":"BUTTON","outline":"solid 2px rgb(242, 105, 54)","boxShadow":"none","fv":true},{"t":"Approach “Commissioner’s Office · Part 2","tag":"BUTTON","outline":"solid 2px rgb(242, 105, 54)","boxShadow":"none","fv":true},{"t":"Approach “Uri Gilbert Home”","tag":"BUTTON","outline":"solid 2px rgb(242, 105, 54)","boxShadow":"none","fv":true},{"t":"Approach “Washington Street Ferry Landin","tag":"BUTTON","outline":"solid 2px rgb(242, 105, 54)","boxShadow":"none","fv":true}]
kb.afterEnter {"mode":"approach","railIdx":0,"railT":0.04741075303819445,"approached":4,"zoom":1,"alive":-1,"look":{"yaw":-1.5707947244497649,"pitch":-1.0200845927130695e-7,"dragYaw":0,"dragPitch":0},"sheet":"peek","fov":58,"portrait":false}
kb.afterRight {"mode":"approach","railIdx":0,"railT":0.04741075303819445,"approached":5,"zoom":1,"alive":-1,"look":{"yaw":1.5706021070756644,"pitch":-4.356029698878159e-12,"dragYaw":0,"dragPitch":0},"sheet":"peek","fov":58,"portrait":false}
kb.afterEsc {"mode":"rail","railIdx":0,"railT":0.04741075303819445,"approached":null,"zoom":1,"alive":-1,"look":{"yaw":0.00012592917068794064,"pitch":-0.09999198210863752,"dragYaw":0,"dragPitch":0},"sheet":"peek","fov":58,"portrait":false}
kb.focusAfterEsc {"t":"Approach “Washington Street Ferry Landin","tag":"BUTTON","outline":"solid 2px rgb(242, 104, 53)","boxShadow":"none","fv":true}
kb.afterLeftInRail {"mode":"rail","railIdx":0,"railT":0.04741075303819445,"approached":null,"zoom":1,"alive":-1,"look":{"yaw":0.34981615765474305,"pitch":-0.09999999578697572,"dragYaw":0.35,"dragPitch":0},"sheet":"peek","fov":58,"portrait":false}
menu.open [{"t":"Skip to content","x":-999,"y":0,"w":148,"h":40,"lines":1,"tag":"a"},{"t":"Close menu","x":615,"y":41,"w":368,"h":57,"lines":1,"tag":"button"},{"t":"Home","x":647,"y":130,"w":304,"h":16,"lines":1,"tag":"a"},{"t":"01Bakery","x":647,"y":178,"w":304,"h":32,"lines":1,"tag":"a"},{"t":"01","x":647,"y":192,"w":32,"h":16,"lines":1,"tag":"span"},{"t":"02Commissioner’s Office","x":647,"y":230,"w":304,"h":64,"lines":1,"tag":"a"},{"t":"02","x":647,"y":244,"w":32,"h":16,"lines":1,"tag":"span"},{"t":"03Gilbert Home","x":647,"y":315,"w":304,"h":32,"lines":1,"tag":"a"},{"t":"03","x":647,"y":329,"w":32,"h":16,"lines":1,"tag":"span"},{"t":"04Ferry Landing","x":647,"y":367,"w":304,"h":32,"lines":1,"tag":"a"},{"t":"04","x":647,"y":381,"w":32,"h":16,"lines":1,"tag":"span"},{"t":"05Barbershop","x":647,"y":419,"w":304,"h":32,"lines":1,"tag":"a"},{"t":"05","x":647,"y":433,"w":32,"h":16,"lines":1,"tag":"span"},{"t":"Map","x":647,"y":518,"w":57,"h":24,"lines":1,"tag":"a"},{"t":"The people","x":647,"y":561,"w":118,"h":24,"lines":1,"tag":"a"},{"t":"The paintings","x":647,"y":603,"w":142,"h":24,"lines":1,"tag":"a"},{"t":"About","x":647,"y":645,"w":76,"h":24,"lines":1,"tag":"a"},{"t":"The paintings · 10 works","x":40,"y":108,"w":944,"h":16,"lines":1,"tag":"p"},{"t":"The Museum · scroll to walk · drag to look · tap a paintingScroll to w","x":244,"y":381,"w":536,"h":32,"lines":1,"tag":"p"},{"t":"Skip the hall","x":40,"y":381,"w":186,"h":38,"lines":1,"tag":"button"}]
menu.closed "false"
menu.afterDown {"x":914,"y":54,"op":"0","vis":"visible","tr":"matrix(0.94, 0, 0, 0.94, 0, 12)"}
menu.afterUp {"x":912,"y":40,"op":"1","vis":"visible","tr":"none"}
console errors: []
--- exit 0 10:43:03
=== scripts/juror9-home-chapter.mjs d1440 10:43:03
home.floating [{"tag":"div","cls":"curtain-panel","t":"","x":0,"y":900,"w":1440,"h":900}]
home.cta {"x":595.0625,"y":779.0625,"width":249.875,"height":48}
home.eyebrow {"text":"Troy, New York · April 27, 1860","top":308,"bottom":326}
bakery.floating [{"tag":"div","cls":"curtain-panel","t":"","x":0,"y":900,"w":1440,"h":900},{"tag":"div","cls":"cnwm-menu fixed top-[var(--ui-inset)] right-[var(--ui-inset)","t":"Home01Bakery02Commissioner’s Office03Gilbert Home0","x":1312,"y":56,"w":72,"h":72}]
bakery.burger-after-scrolldown [{"tag":"div","cls":"curtain-panel","t":"","x":0,"y":900,"w":1440,"h":900},{"tag":"nav","cls":"rail","t":"Sections in this chapter","x":136,"y":88,"w":276,"h":150}]
bakery.burger-after-scrollup [{"tag":"div","cls":"curtain-panel","t":"","x":0,"y":900,"w":1440,"h":900},{"tag":"div","cls":"cnwm-menu fixed top-[var(--ui-inset)] right-[var(--ui-inset)","t":"Home01Bakery02Commissioner’s Office03Gilbert Home0","x":1312,"y":56,"w":72,"h":72},{"tag":"nav","cls":"rail","t":"Sections in this chapter","x":136,"y":88,"w":276,"h":150}]
bakery.playbtn {"text":"","aria":"Play narration: Holeur’s Fashionable Bakery","box":{"x":136,"y":605.4375,"width":56,"height":56}}
bakery.audio [{"paused":false,"t":2.334083,"src":"ch1-bakery.mp3"}]
bakery.paras 8
bakery.audio-after-tap [{"paused":false,"t":3.971811}]
bakery.down-floating [{"tag":"div","cls":"curtain-panel","t":"","x":0,"y":900,"w":1440,"h":900},{"tag":"div","cls":"fixed bottom-[var(--ui-inset)] left-[var(--ui-inset)] z-[999","t":"00:05","x":56,"y":782,"w":114,"h":62},{"tag":"nav","cls":"rail","t":"(03)The moral(01)Listen(02)History(03)The moral(04","x":136,"y":88,"w":276,"h":150},{"tag":"nav","cls":"rail","t":"(04)Onward(01)Listen(02)History(03)The moral(04)On","x":136,"y":601,"w":276,"h":150}]
bakery.up-floating [{"tag":"div","cls":"curtain-panel","t":"","x":0,"y":900,"w":1440,"h":900},{"tag":"div","cls":"cnwm-menu fixed top-[var(--ui-inset)] right-[var(--ui-inset)","t":"Home01Bakery02Commissioner’s Office03Gilbert Home0","x":1312,"y":56,"w":72,"h":72},{"tag":"div","cls":"fixed bottom-[var(--ui-inset)] left-[var(--ui-inset)] z-[999","t":"Spot 0100:06 / 01:41","x":56,"y":782,"w":161,"h":62}]
bakery.moral-colors {"heading":"rgb(246, 243, 238)","body":"rgb(255, 151, 112)","caption":"rgb(255, 151, 112)","headingText":"NOT ALL LAWSARE MORAL","bodyText":"(03)"}
bakery.onward-floating [{"tag":"div","cls":"curtain-panel","t":"","x":0,"y":900,"w":1440,"h":900},{"tag":"div","cls":"fixed bottom-[var(--ui-inset)] left-[var(--ui-inset)] z-[999","t":"00:09","x":56,"y":782,"w":114,"h":62},{"tag":"nav","cls":"rail","t":"(04)Onward(01)Listen(02)History(03)The moral(04)On","x":136,"y":88,"w":276,"h":150}]
bakery.footer-floating [{"tag":"div","cls":"curtain-panel","t":"","x":0,"y":900,"w":1440,"h":900},{"tag":"div","cls":"fixed bottom-[var(--ui-inset)] left-[var(--ui-inset)] z-[999","t":"00:10","x":56,"y":782,"w":114,"h":62},{"tag":"nav","cls":"rail","t":"(04)Onward(01)Listen(02)History(03)The moral(04)On","x":136,"y":88,"w":276,"h":150}]
bakery.continue-btn {"text":"Continue","b":{"x":666.125,"y":229.40625,"width":186.84375,"height":48}}
after-continue.url "https://makeitnotable.github.io/Charles-Nalle-Walking-Memorial/commissioners-office"
barbershop.floating [{"tag":"div","cls":"curtain-panel","t":"","x":0,"y":900,"w":1440,"h":900},{"tag":"div","cls":"cnwm-menu fixed top-[var(--ui-inset)] right-[var(--ui-inset)","t":"Home01Bakery02Commissioner’s Office03Gilbert Home0","x":1312,"y":56,"w":72,"h":72}]
barbershop.story-order "ITTT"
co.sections ["hero-media","hero-lockup","scene-0","history","moral-0","moral-0-heading","hero-2","scene-1","moral-1","moral-1-heading","onward"]
co.players 2
co.playbtns [{"i":0,"aria":"Play narration: Commissioner’s Office, Pt 1","text":""},{"i":1,"aria":"Play narration: Commissioner’s Office, Pt 2","text":""}]
co.audio-p2 [{"paused":true,"t":0},{"paused":false,"t":1.967605}]
co.floating-in-part1 [{"tag":"div","cls":"curtain-panel","t":"","x":0,"y":900,"w":1440,"h":900},{"tag":"div","cls":"cnwm-menu fixed top-[var(--ui-inset)] right-[var(--ui-inset)","t":"Home01Bakery02Commissioner’s Office03Gilbert Home0","x":1312,"y":56,"w":72,"h":72},{"tag":"div","cls":"fixed bottom-[var(--ui-inset)] left-[var(--ui-inset)] z-[999","t":"Spot 02 · Pt 200:03 / 02:19","x":56,"y":782,"w":200,"h":62}]
co.audio-after-scroll [{"paused":true,"t":0},{"paused":false,"t":3.663126}]
co.foot-floating [{"tag":"div","cls":"curtain-panel","t":"","x":0,"y":900,"w":1440,"h":900},{"tag":"div","cls":"fixed bottom-[var(--ui-inset)] left-[var(--ui-inset)] z-[999","t":"00:10","x":56,"y":782,"w":114,"h":62},{"tag":"nav","cls":"rail","t":"(06)Onward(01)Listen · Pt 1(02)History(03)The mora","x":136,"y":52,"w":276,"h":225}]
console errors: []
--- exit 0 10:43:49
=== scripts/juror9-map.mjs d1440 10:43:49
overview.markers [{"label":"Spot 1: Holeur’s Fashionable Bakery","x":870,"y":393,"w":0,"h":0,"cls":"mapboxgl-marker mapboxgl-marker-anchor-center","inner":"mapboxgl-marker mapboxgl-marker-anchor-center","current":null,"pressed":null,"inView":true},{"label":"Spot 2: Commissioner’s Office","x":766,"y":265,"w":0,"h":0,"cls":"mapboxgl-marker mapboxgl-marker-anchor-center","inner":"mapboxgl-marker mapboxgl-marker-anchor-center","current":null,"pressed":null,"inView":true},{"label":"Spot 3: Uri Gilbert Home","x":813,"y":470,"w":0,"h":0,"cls":"mapboxgl-marker mapboxgl-marker-anchor-center","inner":"mapboxgl-marker mapboxgl-marker-anchor-center","current":null,"pressed":null,"inView":true},{"label":"Spot 4: Washington Street Ferry Landing (no plaque","x":583,"y":770,"w":0,"h":0,"cls":"mapboxgl-marker mapboxgl-marker-anchor-center","inner":"mapboxgl-marker mapboxgl-marker-anchor-center","current":null,"pressed":null,"inView":true},{"label":"Spot 5: Peter Baltimore’s Barbershop","x":753,"y":255,"w":0,"h":0,"cls":"mapboxgl-marker mapboxgl-marker-anchor-center","inner":"mapboxgl-marker mapboxgl-marker-anchor-center","current":null,"pressed":null,"inView":true}]
overview.floating [{"tag":"div","cls":"curtain-panel","t":"","x":0,"y":900,"w":1440,"h":900},{"tag":"div","cls":"cnwm-menu fixed bottom-[var(--ui-inset)] right-[var(--ui-ins","t":"Home01Bakery02Commissioner’s Office03Gilbert Home0","x":1312,"y":772,"w":72,"h":72}]
overview.buttons {"Take the walk":{"x":525.2890625,"y":784,"width":206.703125,"height":48},"See Troy in 1858":{"x":743.9921875,"y":786,"width":170.71875,"height":44}}
overview.scrollY 0
wheel.scrollY-after-plain-wheel 300
wheel.scrollY-after-back 0
wheel.scrollY-after-ctrl-wheel 0
wheel.notice [{"t":"Drag to explore · pinch or scroll to zoom","o":"1"}]
index.titles [{"t":"Holeur’s Fashionable Bakery","lines":1},{"t":"Commissioner’s Office","lines":1},{"t":"Uri Gilbert Home","lines":1},{"t":"Washington Street Ferry Landing","lines":1},{"t":"Peter Baltimore’s Barbershop","lines":1}]
take.btn {"x":525.2890625,"y":644,"width":206.703125,"height":48}
walk.scrollY-after-take 0
walk.buttons-1s {"Stop the walk":{"x":1214.1875,"y":56,"width":169.8125,"height":38},"Back":{"x":56,"y":56,"width":174.734375,"height":38}}
walk.floating [{"tag":"div","cls":"curtain-panel","t":"","x":0,"y":900,"w":1440,"h":900},{"tag":"div","cls":"cnwm-menu fixed bottom-[var(--ui-inset)] right-[var(--ui-ins","t":"Home01Bakery02Commissioner’s Office03Gilbert Home0","x":1312,"y":772,"w":72,"h":72},{"tag":"div","cls":"fixed right-0 bottom-0 left-0 z-10 pb-[calc(var(--ui-inset)+","t":"Spot1Holeur’s Fashionable BakerySpot2Commissioner’","x":0,"y":556,"w":1440,"h":344}]
walk.markers-4s [{"label":"Spot 1: Holeur’s Fashionable Bakery","x":1022,"y":748,"w":0,"h":0,"cls":"mapboxgl-marker mapboxgl-marker-anchor-center","inner":"mapboxgl-marker mapboxgl-marker-anchor-center","current":null,"pressed":null,"inView":true},{"label":"Spot 2: Commissioner’s Office","x":605,"y":99,"w":0,"h":0,"cls":"mapboxgl-marker mapboxgl-marker-anchor-center","inner":"mapboxgl-marker mapboxgl-marker-anchor-center","current":null,"pressed":null,"inView":true},{"label":"Spot 3: Uri Gilbert Home","x":650,"y":1601,"w":0,"h":0,"cls":"mapboxgl-marker mapboxgl-marker-anchor-center","inner":"mapboxgl-marker mapboxgl-marker-anchor-center","current":null,"pressed":null,"inView":false},{"label":"Spot 4: Washington Street Ferry Landing (no plaque","x":33554428,"y":33554428,"w":0,"h":0,"cls":"mapboxgl-marker mapboxgl-marker-anchor-center","inner":"mapboxgl-marker mapboxgl-marker-anchor-center","current":null,"pressed":null,"inView":false},{"label":"Spot 5: Peter Baltimore’s Barbershop","x":567,"y":69,"w":0,"h":0,"cls":"mapboxgl-marker mapboxgl-marker-anchor-center","inner":"mapboxgl-marker mapboxgl-marker-anchor-center","current":null,"pressed":null,"inView":true}]
walk.cards-4s [{"x":-68,"w":515,"y":556,"h":192,"t":"Spot1Holeur’s\nFashionable Bake"},{"x":463,"w":515,"y":556,"h":192,"t":"Spot2Commissioner’s\nOffice"},{"x":993,"w":515,"y":556,"h":192,"t":"Spot3Uri Gilbert Home"},{"x":1524,"w":515,"y":556,"h":192,"t":"Spot4Washington Street Ferry L"},{"x":2054,"w":515,"y":556,"h":192,"t":"Spot5Peter Baltimore’s Barbers"}]
walk.markers-8s [{"label":"Spot 1: Holeur’s Fashionable Bakery","x":1110,"y":110,"w":0,"h":0,"cls":"mapboxgl-marker mapboxgl-marker-anchor-center","inner":"mapboxgl-marker mapboxgl-marker-anchor-center","current":null,"pressed":null,"inView":true},{"label":"Spot 2: Commissioner’s Office","x":967,"y":-216,"w":0,"h":0,"cls":"mapboxgl-marker mapboxgl-marker-anchor-center","inner":"mapboxgl-marker mapboxgl-marker-anchor-center","current":null,"pressed":null,"inView":false},{"label":"Spot 3: Uri Gilbert Home","x":694,"y":330,"w":0,"h":0,"cls":"mapboxgl-marker mapboxgl-marker-anchor-center","inner":"mapboxgl-marker mapboxgl-marker-anchor-center","current":null,"pressed":null,"inView":true},{"label":"Spot 4: Washington Street Ferry Landing (no plaque","x":-4450,"y":2967,"w":0,"h":0,"cls":"mapboxgl-marker mapboxgl-marker-anchor-center","inner":"mapboxgl-marker mapboxgl-marker-anchor-center","current":null,"pressed":null,"inView":false},{"label":"Spot 5: Peter Baltimore’s Barbershop","x":945,"y":-235,"w":0,"h":0,"cls":"mapboxgl-marker mapboxgl-marker-anchor-center","inner":"mapboxgl-marker mapboxgl-marker-anchor-center","current":null,"pressed":null,"inView":false}]
walk.buttons-8s {"Stop the walk":{"x":1214.1875,"y":56,"width":169.8125,"height":38},"Back":{"x":56,"y":56,"width":174.734375,"height":38}}
drag.buttons-immediately {"Continue":{"x":1257.640625,"y":56,"width":126.359375,"height":38},"Back":{"x":56,"y":56,"width":174.734375,"height":38}}
drag.cards-after [{"x":-1129,"w":515,"y":556,"h":192,"t":"Spot1Holeur’s\nFashionable Bake"},{"x":-598,"w":515,"y":556,"h":192,"t":"Spot2Commissioner’s\nOffice"},{"x":-68,"w":515,"y":556,"h":192,"t":"Spot3Uri Gilbert Home"},{"x":463,"w":515,"y":556,"h":192,"t":"Spot4Washington Street Ferry L"},{"x":993,"w":515,"y":556,"h":192,"t":"Spot5Peter Baltimore’s Barbers"}]
drag.samples [-67,-67,-67,-113,-159,-159,-206,-206,-252,-252,-298,-298,-344,-391,-437,-483,-483,-530,-576,-622,-622,-668,-662,-652,-641,-634,-625,-621,-617,-614,-611,-608,-606,-605,-603,-602,-602,-601,-600,-600]
drag.markers [{"label":"Spot 1: Holeur’s Fashionable Bakery","x":1853,"y":-276,"w":0,"h":0,"cls":"mapboxgl-marker mapboxgl-marker-anchor-center","inner":"mapboxgl-marker mapboxgl-marker-anchor-center","current":null,"pressed":null,"inView":false},{"label":"Spot 2: Commissioner’s Office","x":1527,"y":-420,"w":0,"h":0,"cls":"mapboxgl-marker mapboxgl-marker-anchor-center","inner":"mapboxgl-marker mapboxgl-marker-anchor-center","current":null,"pressed":null,"inView":false},{"label":"Spot 3: Uri Gilbert Home","x":1699,"y":-196,"w":0,"h":0,"cls":"mapboxgl-marker mapboxgl-marker-anchor-center","inner":"mapboxgl-marker mapboxgl-marker-anchor-center","current":null,"pressed":null,"inView":false},{"label":"Spot 4: Washington Street Ferry Landing (no plaque","x":717,"y":280,"w":0,"h":0,"cls":"mapboxgl-marker mapboxgl-marker-anchor-center","inner":"mapboxgl-marker mapboxgl-marker-anchor-center","current":null,"pressed":null,"inView":true},{"label":"Spot 5: Peter Baltimore’s Barbershop","x":1495,"y":-429,"w":0,"h":0,"cls":"mapboxgl-marker mapboxgl-marker-anchor-center","inner":"mapboxgl-marker mapboxgl-marker-anchor-center","current":null,"pressed":null,"inView":false}]
smalldrag.before [-1129,-598,-68,463,993]
smalldrag.after [-1129,-598,-68,463,993]
continue.btn {"t":"Continue","aria":"Continue the walk","b":{"x":1257.640625,"y":56,"width":126.359375,"height":38}}
continue.buttons {"Stop the walk":{"x":1214.1875,"y":56,"width":169.8125,"height":38},"Back":{"x":56,"y":56,"width":174.734375,"height":38}}
back.btn {"t":"Back to map","aria":"Back to map","b":{"x":56,"y":56,"width":174.734375,"height":38}}
back.markers [{"label":"Spot 1: Holeur’s Fashionable Bakery","x":870,"y":393,"w":0,"h":0,"cls":"mapboxgl-marker mapboxgl-marker-anchor-center","inner":"mapboxgl-marker mapboxgl-marker-anchor-center","current":null,"pressed":null,"inView":true},{"label":"Spot 2: Commissioner’s Office","x":766,"y":265,"w":0,"h":0,"cls":"mapboxgl-marker mapboxgl-marker-anchor-center","inner":"mapboxgl-marker mapboxgl-marker-anchor-center","current":null,"pressed":null,"inView":true},{"label":"Spot 3: Uri Gilbert Home","x":813,"y":470,"w":0,"h":0,"cls":"mapboxgl-marker mapboxgl-marker-anchor-center","inner":"mapboxgl-marker mapboxgl-marker-anchor-center","current":null,"pressed":null,"inView":true},{"label":"Spot 4: Washington Street Ferry Landing (no plaque","x":583,"y":770,"w":0,"h":0,"cls":"mapboxgl-marker mapboxgl-marker-anchor-center","inner":"mapboxgl-marker mapboxgl-marker-anchor-center","current":null,"pressed":null,"inView":true},{"label":"Spot 5: Peter Baltimore’s Barbershop","x":753,"y":255,"w":0,"h":0,"cls":"mapboxgl-marker mapboxgl-marker-anchor-center","inner":"mapboxgl-marker mapboxgl-marker-anchor-center","current":null,"pressed":null,"inView":true}]
back.buttons {"Take the walk":{"x":525.2890625,"y":784,"width":206.703125,"height":48},"See Troy in 1858":{"x":743.9921875,"y":786,"width":170.71875,"height":44}}
back.floating [{"tag":"div","cls":"curtain-panel","t":"","x":0,"y":900,"w":1440,"h":900},{"tag":"div","cls":"cnwm-menu fixed bottom-[var(--ui-inset)] right-[var(--ui-ins","t":"Home01Bakery02Commissioner’s Office03Gilbert Home0","x":1312,"y":772,"w":72,"h":72}]
lens.btn {"x":743.9921875,"y":786,"width":170.71875,"height":44}
lens.floating [{"tag":"div","cls":"curtain-panel","t":"","x":0,"y":900,"w":1440,"h":900},{"tag":"div","cls":"cnwm-menu fixed bottom-[var(--ui-inset)] right-[var(--ui-ins","t":"Home01Bakery02Commissioner’s Office03Gilbert Home0","x":1312,"y":772,"w":72,"h":72}]
lens.buttons {"Back":{"x":635.46875,"y":800,"width":169.046875,"height":44},"Back to today":{"x":635.46875,"y":800,"width":169.046875,"height":44}}
lens.caption [{"t":"+−⟲Troy, New York · 1858 · Library of CongressDrag to explore · pinch or scroll to zoomDrag to explore · pinch to zoomBack to today","lines":1,"r":[0,0,1440,900]},{"t":"Drag to explore · pinch or scroll to zoomDrag to explore · pinch to zoom","lines":1,"r":[576,766,287,23]},{"t":"Drag to explore · pinch or scroll to zoom","lines":1,"r":[576,767,287,19]}]
lens.backtoday {"x":635.46875,"y":800,"width":169.046875,"height":44}
afterlens.buttons {"Take the walk":{"x":525.2890625,"y":784,"width":206.703125,"height":48},"See Troy in 1858":{"x":743.9921875,"y":786,"width":170.71875,"height":44}}
afterlens.markers [{"label":"Spot 1: Holeur’s Fashionable Bakery","x":870,"y":393,"w":0,"h":0,"cls":"mapboxgl-marker mapboxgl-marker-anchor-center","inner":"mapboxgl-marker mapboxgl-marker-anchor-center","current":null,"pressed":null,"inView":true},{"label":"Spot 2: Commissioner’s Office","x":766,"y":265,"w":0,"h":0,"cls":"mapboxgl-marker mapboxgl-marker-anchor-center","inner":"mapboxgl-marker mapboxgl-marker-anchor-center","current":null,"pressed":null,"inView":true},{"label":"Spot 3: Uri Gilbert Home","x":813,"y":470,"w":0,"h":0,"cls":"mapboxgl-marker mapboxgl-marker-anchor-center","inner":"mapboxgl-marker mapboxgl-marker-anchor-center","current":null,"pressed":null,"inView":true},{"label":"Spot 4: Washington Street Ferry Landing (no plaque","x":583,"y":770,"w":0,"h":0,"cls":"mapboxgl-marker mapboxgl-marker-anchor-center","inner":"mapboxgl-marker mapboxgl-marker-anchor-center","current":null,"pressed":null,"inView":true},{"label":"Spot 5: Peter Baltimore’s Barbershop","x":753,"y":255,"w":0,"h":0,"cls":"mapboxgl-marker mapboxgl-marker-anchor-center","inner":"mapboxgl-marker mapboxgl-marker-anchor-center","current":null,"pressed":null,"inView":true}]
markertap.buttons {"Continue":{"x":1257.640625,"y":56,"width":126.359375,"height":38},"Back":{"x":56,"y":56,"width":174.734375,"height":38}}
markertap.floating [{"tag":"div","cls":"curtain-panel","t":"","x":0,"y":900,"w":1440,"h":900},{"tag":"div","cls":"cnwm-menu fixed bottom-[var(--ui-inset)] right-[var(--ui-ins","t":"Home01Bakery02Commissioner’s Office03Gilbert Home0","x":1312,"y":772,"w":72,"h":72},{"tag":"div","cls":"fixed right-0 bottom-0 left-0 z-10 pb-[calc(var(--ui-inset)+","t":"Spot1Holeur’s Fashionable BakerySpot2Commissioner’","x":0,"y":556,"w":1440,"h":344}]
menu.burger {"x":1312,"y":772,"width":72,"height":72}
console errors: []
--- exit 0 10:44:35
=== scripts/juror9-pages.mjs d1440 10:44:35
home.burger null
bakery.burger {"label":"Open menu","expanded":"false","x":1312,"y":56,"op":"1","vis":"visible","ptr":"auto"}
bakery.menuOpen {"label":"Open menu","expanded":"true","x":1014,"y":56,"op":"1","vis":"visible","ptr":"auto"}
bakery.menuFloating [{"tag":"div","cls":"curtain-panel","t":"","x":0,"y":900,"w":1440,"h":900},{"tag":"div","cls":"cnwm-menu-scrim","t":"","x":0,"y":0,"w":1440,"h":900},{"tag":"div","cls":"cnwm-menu fixed top-[var(--ui-inset)] right-[var(--ui-inset)","t":"Home01Bakery02Commissioner’s Office03Gilbert Home0","x":1014,"y":56,"w":370,"h":676}]
bakery.menuClosed {"label":"Open menu","expanded":"false","x":1312,"y":56,"op":"1","vis":"visible","ptr":"auto"}
bakery.burgerAfterDown {"label":"Open menu","expanded":"false","x":1314,"y":70,"op":"0","vis":"visible","ptr":"none"}
bakery.burgerAfterUp {"label":"Open menu","expanded":"false","x":1312,"y":56,"op":"1","vis":"visible","ptr":"auto"}
mansion.burger {"label":"Open menu","expanded":"false","x":1312,"y":56,"op":"1","vis":"visible","ptr":"auto"}
mansion.menuOpen {"label":"Open menu","expanded":"true","x":1014,"y":56,"op":"1","vis":"visible","ptr":"auto"}
mansion.menuFloating [{"tag":"div","cls":"curtain-panel","t":"","x":0,"y":900,"w":1440,"h":900},{"tag":"div","cls":"cnwm-menu-scrim","t":"","x":0,"y":0,"w":1440,"h":900},{"tag":"div","cls":"cnwm-menu fixed top-[var(--ui-inset)] right-[var(--ui-inset)","t":"Home01Bakery02Commissioner’s Office03Gilbert Home0","x":1014,"y":56,"w":370,"h":676},{"tag":"nav","cls":"rail","t":"Sections in this chapter","x":136,"y":761,"w":276,"h":150}]
mansion.menuClosed {"label":"Open menu","expanded":"false","x":1312,"y":56,"op":"1","vis":"visible","ptr":"auto"}
mansion.burgerAfterDown {"label":"Open menu","expanded":"false","x":1314,"y":70,"op":"0","vis":"visible","ptr":"none"}
mansion.burgerAfterUp {"label":"Open menu","expanded":"false","x":1312,"y":56,"op":"1","vis":"visible","ptr":"auto"}
ferry.burger {"label":"Open menu","expanded":"false","x":1312,"y":56,"op":"1","vis":"visible","ptr":"auto"}
ferry.menuOpen {"label":"Open menu","expanded":"true","x":1014,"y":56,"op":"1","vis":"visible","ptr":"auto"}
ferry.menuFloating [{"tag":"div","cls":"curtain-panel","t":"","x":0,"y":900,"w":1440,"h":900},{"tag":"div","cls":"cnwm-menu-scrim","t":"","x":0,"y":0,"w":1440,"h":900},{"tag":"div","cls":"cnwm-menu fixed top-[var(--ui-inset)] right-[var(--ui-inset)","t":"Home01Bakery02Commissioner’s Office03Gilbert Home0","x":1014,"y":56,"w":370,"h":676},{"tag":"nav","cls":"rail","t":"Sections in this chapter","x":136,"y":622,"w":276,"h":150}]
ferry.menuClosed {"label":"Open menu","expanded":"false","x":1312,"y":56,"op":"1","vis":"visible","ptr":"auto"}
ferry.burgerAfterDown {"label":"Open menu","expanded":"false","x":1314,"y":70,"op":"0","vis":"visible","ptr":"none"}
ferry.burgerAfterUp {"label":"Open menu","expanded":"false","x":1312,"y":56,"op":"1","vis":"visible","ptr":"auto"}
map.burger {"label":"Open menu","expanded":"false","x":1312,"y":772,"op":"1","vis":"visible","ptr":"auto"}
map.menuOpen {"label":"Open menu","expanded":"true","x":1014,"y":152,"op":"1","vis":"visible","ptr":"auto"}
map.menuFloating [{"tag":"div","cls":"curtain-panel","t":"","x":0,"y":900,"w":1440,"h":900},{"tag":"div","cls":"cnwm-menu-scrim","t":"","x":0,"y":0,"w":1440,"h":900},{"tag":"div","cls":"cnwm-menu fixed bottom-[var(--ui-inset)] right-[var(--ui-ins","t":"Home01Bakery02Commissioner’s Office03Gilbert Home0","x":1014,"y":152,"w":370,"h":692}]
map.menuClosed {"label":"Open menu","expanded":"false","x":1312,"y":772,"op":"1","vis":"visible","ptr":"auto"}
map.burgerAfterDown {"label":"Open menu","expanded":"false","x":1314,"y":786,"op":"0","vis":"visible","ptr":"none"}
map.burgerAfterUp {"label":"Open menu","expanded":"false","x":1312,"y":772,"op":"1","vis":"visible","ptr":"auto"}
people.burger {"label":"Open menu","expanded":"false","x":1312,"y":56,"op":"1","vis":"visible","ptr":"auto"}
people.menuOpen {"label":"Open menu","expanded":"true","x":1014,"y":56,"op":"1","vis":"visible","ptr":"auto"}
people.menuFloating [{"tag":"div","cls":"curtain-panel","t":"","x":0,"y":900,"w":1440,"h":900},{"tag":"div","cls":"cnwm-menu-scrim","t":"","x":0,"y":0,"w":1440,"h":900},{"tag":"div","cls":"cnwm-menu fixed top-[var(--ui-inset)] right-[var(--ui-inset)","t":"Home01Bakery02Commissioner’s Office03Gilbert Home0","x":1014,"y":56,"w":370,"h":676},{"tag":"div","cls":"rail","t":"(01)The rescuers","x":136,"y":837,"w":276,"h":60}]
people.menuClosed {"label":"Open menu","expanded":"false","x":1312,"y":56,"op":"1","vis":"visible","ptr":"auto"}
people.burgerAfterDown {"label":"Open menu","expanded":"false","x":1314,"y":70,"op":"0","vis":"visible","ptr":"none"}
people.burgerAfterUp {"label":"Open menu","expanded":"false","x":1312,"y":56,"op":"1","vis":"visible","ptr":"auto"}
paintings.burger {"label":"Open menu","expanded":"false","x":1312,"y":56,"op":"1","vis":"visible","ptr":"auto"}
paintings.menuOpen {"label":"Open menu","expanded":"true","x":1014,"y":56,"op":"1","vis":"visible","ptr":"auto"}
paintings.menuFloating [{"tag":"div","cls":"curtain-panel","t":"","x":0,"y":900,"w":1440,"h":900},{"tag":"div","cls":"cnwm-menu-scrim","t":"","x":0,"y":0,"w":1440,"h":900},{"tag":"div","cls":"cnwm-menu fixed top-[var(--ui-inset)] right-[var(--ui-inset)","t":"Home01Bakery02Commissioner’s Office03Gilbert Home0","x":1014,"y":56,"w":370,"h":676},{"tag":"div","cls":"sticky top-0 h-dvh w-full overflow-hidden bg-primary-2","t":"The Museum · scroll to walk · drag to look · tap a","x":0,"y":407,"w":1440,"h":900}]
paintings.menuClosed {"label":"Open menu","expanded":"false","x":1312,"y":56,"op":"1","vis":"visible","ptr":"auto"}
paintings.burgerAfterDown {"label":"Open menu","expanded":"false","x":1314,"y":70,"op":"0","vis":"visible","ptr":"none"}
paintings.burgerAfterUp {"label":"Open menu","expanded":"false","x":1312,"y":56,"op":"1","vis":"visible","ptr":"auto"}
about.burger {"label":"Open menu","expanded":"false","x":1312,"y":56,"op":"1","vis":"visible","ptr":"auto"}
about.menuOpen {"label":"Open menu","expanded":"true","x":1014,"y":56,"op":"1","vis":"visible","ptr":"auto"}
about.menuFloating [{"tag":"div","cls":"curtain-panel","t":"","x":0,"y":900,"w":1440,"h":900},{"tag":"div","cls":"cnwm-menu-scrim","t":"","x":0,"y":0,"w":1440,"h":900},{"tag":"div","cls":"cnwm-menu fixed top-[var(--ui-inset)] right-[var(--ui-inset)","t":"Home01Bakery02Commissioner’s Office03Gilbert Home0","x":1014,"y":56,"w":370,"h":676},{"tag":"div","cls":"rail","t":"(01)The project","x":136,"y":628,"w":276,"h":60}]
about.menuClosed {"label":"Open menu","expanded":"false","x":1312,"y":56,"op":"1","vis":"visible","ptr":"auto"}
about.burgerAfterDown {"label":"Open menu","expanded":"false","x":1314,"y":70,"op":"0","vis":"visible","ptr":"none"}
about.burgerAfterUp {"label":"Open menu","expanded":"false","x":1312,"y":56,"op":"1","vis":"visible","ptr":"auto"}
404nope.burger {"label":"Open menu","expanded":"false","x":1312,"y":56,"op":"1","vis":"visible","ptr":"auto"}
404nope.menuOpen {"label":"Open menu","expanded":"true","x":1014,"y":56,"op":"1","vis":"visible","ptr":"auto"}
404nope.menuFloating [{"tag":"div","cls":"curtain-panel","t":"","x":0,"y":900,"w":1440,"h":900},{"tag":"div","cls":"cnwm-menu-scrim","t":"","x":0,"y":0,"w":1440,"h":900},{"tag":"div","cls":"cnwm-menu fixed top-[var(--ui-inset)] right-[var(--ui-inset)","t":"Home01Bakery02Commissioner’s Office03Gilbert Home0","x":1014,"y":56,"w":370,"h":676}]
404nope.menuClosed {"label":"Open menu","expanded":"false","x":1312,"y":56,"op":"1","vis":"visible","ptr":"auto"}
404nope.burgerAfterDown {"label":"Open menu","expanded":"false","x":1314,"y":70,"op":"0","vis":"visible","ptr":"none"}
404nope.burgerAfterUp {"label":"Open menu","expanded":"false","x":1312,"y":56,"op":"1","vis":"visible","ptr":"auto"}
trailingSlash.url "https://makeitnotable.github.io/Charles-Nalle-Walking-Memorial/bakery"
mansion.footerFloating [{"tag":"div","cls":"curtain-panel","t":"","x":0,"y":900,"w":1440,"h":900},{"tag":"div","cls":"fixed bottom-[var(--ui-inset)] left-[var(--ui-inset)] z-[999","t":"00:02","x":56,"y":782,"w":114,"h":62},{"tag":"nav","cls":"rail","t":"(04)Onward(01)Listen(02)History(03)The moral(04)On","x":136,"y":88,"w":276,"h":150}]
mansion.footerCovered []
console errors: [
 {
  "url": "https://makeitnotable.github.io/Charles-Nalle-Walking-Memorial/404-nope",
  "text": "Failed to load resource: the server responded with a status of 404 ()"
 },
 {
  "url": "https://makeitnotable.github.io/Charles-Nalle-Walking-Memorial/bakery/",
  "text": "Failed to load resource: the server responded with a status of 404 ()"
 }
]
--- exit 0 10:46:06
=== scripts/juror9-home-chapter.mjs d1920 10:46:06
home.floating [{"tag":"div","cls":"curtain-panel","t":"","x":0,"y":1080,"w":1920,"h":1080}]
home.cta {"x":835.0625,"y":865.40625,"width":249.875,"height":48}
home.eyebrow {"text":"Troy, New York · April 27, 1860","top":366,"bottom":383}
bakery.floating [{"tag":"div","cls":"curtain-panel","t":"","x":0,"y":1080,"w":1920,"h":1080},{"tag":"div","cls":"cnwm-menu fixed top-[var(--ui-inset)] right-[var(--ui-inset)","t":"Home01Bakery02Commissioner’s Office03Gilbert Home0","x":1792,"y":56,"w":72,"h":72}]
bakery.burger-after-scrolldown [{"tag":"div","cls":"curtain-panel","t":"","x":0,"y":1080,"w":1920,"h":1080},{"tag":"nav","cls":"rail","t":"Sections in this chapter","x":376,"y":88,"w":276,"h":150}]
bakery.burger-after-scrollup [{"tag":"div","cls":"curtain-panel","t":"","x":0,"y":1080,"w":1920,"h":1080},{"tag":"div","cls":"cnwm-menu fixed top-[var(--ui-inset)] right-[var(--ui-inset)","t":"Home01Bakery02Commissioner’s Office03Gilbert Home0","x":1792,"y":56,"w":72,"h":72},{"tag":"nav","cls":"rail","t":"Sections in this chapter","x":376,"y":265,"w":276,"h":150}]
bakery.playbtn {"text":"","aria":"Play narration: Holeur’s Fashionable Bakery","box":{"x":376,"y":785.4375,"width":56,"height":56}}
bakery.audio [{"paused":false,"t":2.340679,"src":"ch1-bakery.mp3"}]
bakery.paras 8
bakery.audio-after-tap [{"paused":false,"t":3.984657}]
bakery.down-floating [{"tag":"div","cls":"curtain-panel","t":"","x":0,"y":1080,"w":1920,"h":1080},{"tag":"div","cls":"fixed bottom-[var(--ui-inset)] left-[var(--ui-inset)] z-[999","t":"00:05","x":56,"y":962,"w":114,"h":62},{"tag":"nav","cls":"rail","t":"(03)The moral(01)Listen(02)History(03)The moral(04","x":376,"y":88,"w":276,"h":150},{"tag":"nav","cls":"rail","t":"(04)Onward(01)Listen(02)History(03)The moral(04)On","x":376,"y":691,"w":276,"h":150}]
bakery.up-floating [{"tag":"div","cls":"curtain-panel","t":"","x":0,"y":1080,"w":1920,"h":1080},{"tag":"div","cls":"cnwm-menu fixed top-[var(--ui-inset)] right-[var(--ui-inset)","t":"Home01Bakery02Commissioner’s Office03Gilbert Home0","x":1792,"y":56,"w":72,"h":72},{"tag":"div","cls":"fixed bottom-[var(--ui-inset)] left-[var(--ui-inset)] z-[999","t":"Spot 0100:06 / 01:41","x":56,"y":962,"w":161,"h":62}]
bakery.moral-colors {"heading":"rgb(246, 243, 238)","body":"rgb(255, 151, 112)","caption":"rgb(255, 151, 112)","headingText":"NOT ALL LAWSARE MORAL","bodyText":"(03)"}
bakery.onward-floating [{"tag":"div","cls":"curtain-panel","t":"","x":0,"y":1080,"w":1920,"h":1080},{"tag":"div","cls":"fixed bottom-[var(--ui-inset)] left-[var(--ui-inset)] z-[999","t":"00:10","x":56,"y":962,"w":114,"h":62},{"tag":"nav","cls":"rail","t":"(04)Onward(01)Listen(02)History(03)The moral(04)On","x":376,"y":88,"w":276,"h":150}]
bakery.footer-floating [{"tag":"div","cls":"curtain-panel","t":"","x":0,"y":1080,"w":1920,"h":1080},{"tag":"div","cls":"fixed bottom-[var(--ui-inset)] left-[var(--ui-inset)] z-[999","t":"00:11","x":56,"y":962,"w":114,"h":62},{"tag":"nav","cls":"rail","t":"(04)Onward(01)Listen(02)History(03)The moral(04)On","x":376,"y":88,"w":276,"h":150}]
bakery.continue-btn {"text":"Continue","b":{"x":906.125,"y":409.796875,"width":186.84375,"height":48}}
after-continue.url "https://makeitnotable.github.io/Charles-Nalle-Walking-Memorial/commissioners-office"
barbershop.floating [{"tag":"div","cls":"curtain-panel","t":"","x":0,"y":1080,"w":1920,"h":1080},{"tag":"div","cls":"cnwm-menu fixed top-[var(--ui-inset)] right-[var(--ui-inset)","t":"Home01Bakery02Commissioner’s Office03Gilbert Home0","x":1792,"y":56,"w":72,"h":72}]
barbershop.story-order "ITTT"
co.sections ["hero-media","hero-lockup","scene-0","history","moral-0","moral-0-heading","hero-2","scene-1","moral-1","moral-1-heading","onward"]
co.players 2
co.playbtns [{"i":0,"aria":"Play narration: Commissioner’s Office, Pt 1","text":""},{"i":1,"aria":"Play narration: Commissioner’s Office, Pt 2","text":""}]
co.audio-p2 [{"paused":true,"t":0},{"paused":false,"t":1.984248}]
co.floating-in-part1 [{"tag":"div","cls":"curtain-panel","t":"","x":0,"y":1080,"w":1920,"h":1080},{"tag":"div","cls":"cnwm-menu fixed top-[var(--ui-inset)] right-[var(--ui-inset)","t":"Home01Bakery02Commissioner’s Office03Gilbert Home0","x":1792,"y":56,"w":72,"h":72},{"tag":"div","cls":"fixed bottom-[var(--ui-inset)] left-[var(--ui-inset)] z-[999","t":"Spot 02 · Pt 200:03 / 02:19","x":56,"y":962,"w":200,"h":62}]
co.audio-after-scroll [{"paused":true,"t":0},{"paused":false,"t":3.668114}]
co.foot-floating [{"tag":"div","cls":"curtain-panel","t":"","x":0,"y":1080,"w":1920,"h":1080},{"tag":"div","cls":"fixed bottom-[var(--ui-inset)] left-[var(--ui-inset)] z-[999","t":"00:10","x":56,"y":962,"w":114,"h":62},{"tag":"nav","cls":"rail","t":"(06)Onward(01)Listen · Pt 1(02)History(03)The mora","x":376,"y":88,"w":276,"h":225}]
console errors: []
--- exit 0 10:46:54
=== scripts/juror9-map.mjs d1920 10:46:54
overview.markers [{"label":"Spot 1: Holeur’s Fashionable Bakery","x":1148,"y":468,"w":0,"h":0,"cls":"mapboxgl-marker mapboxgl-marker-anchor-center","inner":"mapboxgl-marker mapboxgl-marker-anchor-center","current":null,"pressed":null,"inView":true},{"label":"Spot 2: Commissioner’s Office","x":1018,"y":309,"w":0,"h":0,"cls":"mapboxgl-marker mapboxgl-marker-anchor-center","inner":"mapboxgl-marker mapboxgl-marker-anchor-center","current":null,"pressed":null,"inView":true},{"label":"Spot 3: Uri Gilbert Home","x":1078,"y":565,"w":0,"h":0,"cls":"mapboxgl-marker mapboxgl-marker-anchor-center","inner":"mapboxgl-marker mapboxgl-marker-anchor-center","current":null,"pressed":null,"inView":true},{"label":"Spot 4: Washington Street Ferry Landing (no plaque","x":784,"y":950,"w":0,"h":0,"cls":"mapboxgl-marker mapboxgl-marker-anchor-center","inner":"mapboxgl-marker mapboxgl-marker-anchor-center","current":null,"pressed":null,"inView":true},{"label":"Spot 5: Peter Baltimore’s Barbershop","x":1002,"y":297,"w":0,"h":0,"cls":"mapboxgl-marker mapboxgl-marker-anchor-center","inner":"mapboxgl-marker mapboxgl-marker-anchor-center","current":null,"pressed":null,"inView":true}]
overview.floating [{"tag":"div","cls":"curtain-panel","t":"","x":0,"y":1080,"w":1920,"h":1080},{"tag":"div","cls":"cnwm-menu fixed bottom-[var(--ui-inset)] right-[var(--ui-ins","t":"Home01Bakery02Commissioner’s Office03Gilbert Home0","x":1792,"y":952,"w":72,"h":72}]
overview.buttons {"Take the walk":{"x":765.2890625,"y":964,"width":206.703125,"height":48},"See Troy in 1858":{"x":983.9921875,"y":966,"width":170.71875,"height":44}}
overview.scrollY 0
wheel.scrollY-after-plain-wheel 300
wheel.scrollY-after-back 0
wheel.scrollY-after-ctrl-wheel 0
wheel.notice [{"t":"Drag to explore · pinch or scroll to zoom","o":"1"}]
index.titles [{"t":"Holeur’s Fashionable Bakery","lines":1},{"t":"Commissioner’s Office","lines":1},{"t":"Uri Gilbert Home","lines":1},{"t":"Washington Street Ferry Landing","lines":1},{"t":"Peter Baltimore’s Barbershop","lines":1}]
take.btn {"x":765.2890625,"y":824,"width":206.703125,"height":48}
walk.scrollY-after-take 0
walk.buttons-1s {"Stop the walk":{"x":1694.1875,"y":56,"width":169.8125,"height":38},"Back":{"x":56,"y":56,"width":174.734375,"height":38}}
walk.floating [{"tag":"div","cls":"curtain-panel","t":"","x":0,"y":1080,"w":1920,"h":1080},{"tag":"div","cls":"cnwm-menu fixed bottom-[var(--ui-inset)] right-[var(--ui-ins","t":"Home01Bakery02Commissioner’s Office03Gilbert Home0","x":1792,"y":952,"w":72,"h":72},{"tag":"div","cls":"fixed right-0 bottom-0 left-0 z-10 pb-[calc(var(--ui-inset)+","t":"Spot1Holeur’s Fashionable BakerySpot2Commissioner’","x":0,"y":736,"w":1920,"h":344}]
walk.markers-4s [{"label":"Spot 1: Holeur’s Fashionable Bakery","x":1443,"y":1076,"w":0,"h":0,"cls":"mapboxgl-marker mapboxgl-marker-anchor-center","inner":"mapboxgl-marker mapboxgl-marker-anchor-center","current":null,"pressed":null,"inView":true},{"label":"Spot 2: Commissioner’s Office","x":831,"y":179,"w":0,"h":0,"cls":"mapboxgl-marker mapboxgl-marker-anchor-center","inner":"mapboxgl-marker mapboxgl-marker-anchor-center","current":null,"pressed":null,"inView":true},{"label":"Spot 3: Uri Gilbert Home","x":1046,"y":2425,"w":0,"h":0,"cls":"mapboxgl-marker mapboxgl-marker-anchor-center","inner":"mapboxgl-marker mapboxgl-marker-anchor-center","current":null,"pressed":null,"inView":false},{"label":"Spot 4: Washington Street Ferry Landing (no plaque","x":33554428,"y":33554428,"w":0,"h":0,"cls":"mapboxgl-marker mapboxgl-marker-anchor-center","inner":"mapboxgl-marker mapboxgl-marker-anchor-center","current":null,"pressed":null,"inView":false},{"label":"Spot 5: Peter Baltimore’s Barbershop","x":780,"y":139,"w":0,"h":0,"cls":"mapboxgl-marker mapboxgl-marker-anchor-center","inner":"mapboxgl-marker mapboxgl-marker-anchor-center","current":null,"pressed":null,"inView":true}]
walk.cards-4s [{"x":172,"w":515,"y":736,"h":192,"t":"Spot1Holeur’s\nFashionable Bake"},{"x":703,"w":515,"y":736,"h":192,"t":"Spot2Commissioner’s\nOffice"},{"x":1233,"w":515,"y":736,"h":192,"t":"Spot3Uri Gilbert Home"},{"x":1764,"w":515,"y":736,"h":192,"t":"Spot4Washington Street Ferry L"},{"x":2294,"w":515,"y":736,"h":192,"t":"Spot5Peter Baltimore’s Barbers"}]
walk.markers-8s [{"label":"Spot 1: Holeur’s Fashionable Bakery","x":1421,"y":166,"w":0,"h":0,"cls":"mapboxgl-marker mapboxgl-marker-anchor-center","inner":"mapboxgl-marker mapboxgl-marker-anchor-center","current":null,"pressed":null,"inView":true},{"label":"Spot 2: Commissioner’s Office","x":1270,"y":-229,"w":0,"h":0,"cls":"mapboxgl-marker mapboxgl-marker-anchor-center","inner":"mapboxgl-marker mapboxgl-marker-anchor-center","current":null,"pressed":null,"inView":false},{"label":"Spot 3: Uri Gilbert Home","x":932,"y":422,"w":0,"h":0,"cls":"mapboxgl-marker mapboxgl-marker-anchor-center","inner":"mapboxgl-marker mapboxgl-marker-anchor-center","current":null,"pressed":null,"inView":true},{"label":"Spot 4: Washington Street Ferry Landing (no plaque","x":-4197,"y":3009,"w":0,"h":0,"cls":"mapboxgl-marker mapboxgl-marker-anchor-center","inner":"mapboxgl-marker mapboxgl-marker-anchor-center","current":null,"pressed":null,"inView":false},{"label":"Spot 5: Peter Baltimore’s Barbershop","x":1245,"y":-252,"w":0,"h":0,"cls":"mapboxgl-marker mapboxgl-marker-anchor-center","inner":"mapboxgl-marker mapboxgl-marker-anchor-center","current":null,"pressed":null,"inView":false}]
walk.buttons-8s {"Stop the walk":{"x":1694.1875,"y":56,"width":169.8125,"height":38},"Back":{"x":56,"y":56,"width":174.734375,"height":38}}
drag.buttons-immediately {"Continue":{"x":1737.640625,"y":56,"width":126.359375,"height":38},"Back":{"x":56,"y":56,"width":174.734375,"height":38}}
drag.cards-after [{"x":-889,"w":515,"y":736,"h":192,"t":"Spot1Holeur’s\nFashionable Bake"},{"x":-358,"w":515,"y":736,"h":192,"t":"Spot2Commissioner’s\nOffice"},{"x":172,"w":515,"y":736,"h":192,"t":"Spot3Uri Gilbert Home"},{"x":703,"w":515,"y":736,"h":192,"t":"Spot4Washington Street Ferry L"},{"x":1233,"w":515,"y":736,"h":192,"t":"Spot5Peter Baltimore’s Barbers"}]
drag.samples [173,173,173,111,111,49,-12,-74,-74,-136,-197,-259,-259,-321,-383,-383,-444,-506,-506,-568,-568,-629,-629,-565,-532,-491,-461,-443,-431,-418,-404,-396,-390,-385,-378,-375,-371,-369,-367,-365]
drag.markers [{"label":"Spot 1: Holeur’s Fashionable Bakery","x":2256,"y":-258,"w":0,"h":0,"cls":"mapboxgl-marker mapboxgl-marker-anchor-center","inner":"mapboxgl-marker mapboxgl-marker-anchor-center","current":null,"pressed":null,"inView":false},{"label":"Spot 2: Commissioner’s Office","x":1912,"y":-443,"w":0,"h":0,"cls":"mapboxgl-marker mapboxgl-marker-anchor-center","inner":"mapboxgl-marker mapboxgl-marker-anchor-center","current":null,"pressed":null,"inView":false},{"label":"Spot 3: Uri Gilbert Home","x":2065,"y":-160,"w":0,"h":0,"cls":"mapboxgl-marker mapboxgl-marker-anchor-center","inner":"mapboxgl-marker mapboxgl-marker-anchor-center","current":null,"pressed":null,"inView":false},{"label":"Spot 4: Washington Street Ferry Landing (no plaque","x":958,"y":369,"w":0,"h":0,"cls":"mapboxgl-marker mapboxgl-marker-anchor-center","inner":"mapboxgl-marker mapboxgl-marker-anchor-center","current":null,"pressed":null,"inView":true},{"label":"Spot 5: Peter Baltimore’s Barbershop","x":1877,"y":-455,"w":0,"h":0,"cls":"mapboxgl-marker mapboxgl-marker-anchor-center","inner":"mapboxgl-marker mapboxgl-marker-anchor-center","current":null,"pressed":null,"inView":false}]
smalldrag.before [-889,-358,172,703,1233]
smalldrag.after [-889,-358,172,703,1233]
continue.btn {"t":"Continue","aria":"Continue the walk","b":{"x":1737.640625,"y":56,"width":126.359375,"height":38}}
continue.buttons {"Stop the walk":{"x":1694.1875,"y":56,"width":169.8125,"height":38},"Back":{"x":56,"y":56,"width":174.734375,"height":38}}
back.btn {"t":"Back to map","aria":"Back to map","b":{"x":56,"y":56,"width":174.734375,"height":38}}
back.markers [{"label":"Spot 1: Holeur’s Fashionable Bakery","x":1148,"y":468,"w":0,"h":0,"cls":"mapboxgl-marker mapboxgl-marker-anchor-center","inner":"mapboxgl-marker mapboxgl-marker-anchor-center","current":null,"pressed":null,"inView":true},{"label":"Spot 2: Commissioner’s Office","x":1018,"y":309,"w":0,"h":0,"cls":"mapboxgl-marker mapboxgl-marker-anchor-center","inner":"mapboxgl-marker mapboxgl-marker-anchor-center","current":null,"pressed":null,"inView":true},{"label":"Spot 3: Uri Gilbert Home","x":1078,"y":565,"w":0,"h":0,"cls":"mapboxgl-marker mapboxgl-marker-anchor-center","inner":"mapboxgl-marker mapboxgl-marker-anchor-center","current":null,"pressed":null,"inView":true},{"label":"Spot 4: Washington Street Ferry Landing (no plaque","x":784,"y":950,"w":0,"h":0,"cls":"mapboxgl-marker mapboxgl-marker-anchor-center","inner":"mapboxgl-marker mapboxgl-marker-anchor-center","current":null,"pressed":null,"inView":true},{"label":"Spot 5: Peter Baltimore’s Barbershop","x":1002,"y":297,"w":0,"h":0,"cls":"mapboxgl-marker mapboxgl-marker-anchor-center","inner":"mapboxgl-marker mapboxgl-marker-anchor-center","current":null,"pressed":null,"inView":true}]
back.buttons {"Take the walk":{"x":765.2890625,"y":964,"width":206.703125,"height":48},"See Troy in 1858":{"x":983.9921875,"y":966,"width":170.71875,"height":44}}
back.floating [{"tag":"div","cls":"curtain-panel","t":"","x":0,"y":1080,"w":1920,"h":1080},{"tag":"div","cls":"cnwm-menu fixed bottom-[var(--ui-inset)] right-[var(--ui-ins","t":"Home01Bakery02Commissioner’s Office03Gilbert Home0","x":1792,"y":952,"w":72,"h":72}]
lens.btn {"x":983.9921875,"y":966,"width":170.71875,"height":44}
lens.floating [{"tag":"div","cls":"curtain-panel","t":"","x":0,"y":1080,"w":1920,"h":1080},{"tag":"div","cls":"cnwm-menu fixed bottom-[var(--ui-inset)] right-[var(--ui-ins","t":"Home01Bakery02Commissioner’s Office03Gilbert Home0","x":1792,"y":952,"w":72,"h":72}]
lens.buttons {"Back":{"x":875.46875,"y":980,"width":169.046875,"height":44},"Back to today":{"x":875.46875,"y":980,"width":169.046875,"height":44}}
lens.caption [{"t":"+−⟲Troy, New York · 1858 · Library of CongressDrag to explore · pinch or scroll to zoomDrag to explore · pinch to zoomBack to today","lines":1,"r":[0,0,1920,1080]},{"t":"Drag to explore · pinch or scroll to zoomDrag to explore · pinch to zoom","lines":1,"r":[816,946,287,23]},{"t":"Drag to explore · pinch or scroll to zoom","lines":1,"r":[816,947,287,19]}]
lens.backtoday {"x":875.46875,"y":980,"width":169.046875,"height":44}
afterlens.buttons {"Take the walk":{"x":765.2890625,"y":964,"width":206.703125,"height":48},"See Troy in 1858":{"x":983.9921875,"y":966,"width":170.71875,"height":44}}
afterlens.markers [{"label":"Spot 1: Holeur’s Fashionable Bakery","x":1148,"y":468,"w":0,"h":0,"cls":"mapboxgl-marker mapboxgl-marker-anchor-center","inner":"mapboxgl-marker mapboxgl-marker-anchor-center","current":null,"pressed":null,"inView":true},{"label":"Spot 2: Commissioner’s Office","x":1018,"y":309,"w":0,"h":0,"cls":"mapboxgl-marker mapboxgl-marker-anchor-center","inner":"mapboxgl-marker mapboxgl-marker-anchor-center","current":null,"pressed":null,"inView":true},{"label":"Spot 3: Uri Gilbert Home","x":1078,"y":565,"w":0,"h":0,"cls":"mapboxgl-marker mapboxgl-marker-anchor-center","inner":"mapboxgl-marker mapboxgl-marker-anchor-center","current":null,"pressed":null,"inView":true},{"label":"Spot 4: Washington Street Ferry Landing (no plaque","x":784,"y":950,"w":0,"h":0,"cls":"mapboxgl-marker mapboxgl-marker-anchor-center","inner":"mapboxgl-marker mapboxgl-marker-anchor-center","current":null,"pressed":null,"inView":true},{"label":"Spot 5: Peter Baltimore’s Barbershop","x":1002,"y":297,"w":0,"h":0,"cls":"mapboxgl-marker mapboxgl-marker-anchor-center","inner":"mapboxgl-marker mapboxgl-marker-anchor-center","current":null,"pressed":null,"inView":true}]
markertap.buttons {"Continue":{"x":1737.640625,"y":56,"width":126.359375,"height":38},"Back":{"x":56,"y":56,"width":174.734375,"height":38}}
markertap.floating [{"tag":"div","cls":"curtain-panel","t":"","x":0,"y":1080,"w":1920,"h":1080},{"tag":"div","cls":"cnwm-menu fixed bottom-[var(--ui-inset)] right-[var(--ui-ins","t":"Home01Bakery02Commissioner’s Office03Gilbert Home0","x":1792,"y":952,"w":72,"h":72},{"tag":"div","cls":"fixed right-0 bottom-0 left-0 z-10 pb-[calc(var(--ui-inset)+","t":"Spot1Holeur’s Fashionable BakerySpot2Commissioner’","x":0,"y":736,"w":1920,"h":344}]
menu.burger {"x":1792,"y":952,"width":72,"height":72}
console errors: []
--- exit 0 10:47:40
=== scripts/juror9-museum.mjs d1920 10:47:40
top.ui [{"t":"Skip to content","x":-999,"y":0,"w":148,"h":40,"lines":1,"tag":"a"},{"t":"Open menu","x":1792,"y":56,"w":72,"h":72,"lines":1,"tag":"button"},{"t":"The paintings · 10 works","x":376,"y":151,"w":1168,"h":18,"lines":1,"tag":"p"},{"t":"The Museum · scroll to walk · drag to look · tap a paintingScroll to w","x":671,"y":488,"w":578,"h":34,"lines":1,"tag":"p"},{"t":"Skip the hall","x":56,"y":488,"w":186,"h":38,"lines":1,"tag":"button"}]
top.stage {"top":432,"h":1080,"scrollY":0}
top.state {"mode":"rail","railIdx":0,"railT":0,"approached":null,"zoom":1,"alive":-1,"look":{"yaw":0,"pitch":-0.09999999999999991,"dragYaw":0,"dragPitch":0},"sheet":"peek","fov":58,"portrait":false}
top.rect0 {"l":1399,"t":551,"r":1869,"b":1100,"w":470,"h":548,"behind":false}
top.clickAt [1634,825.5]
fromtop.state {"mode":"approach","railIdx":0,"railT":0.000008037551440329219,"approached":0,"zoom":1,"alive":-1,"look":{"yaw":-1.5707963088604446,"pitch":-1.1417426596062574e-9,"dragYaw":0,"dragPitch":0},"sheet":"peek","fov":58,"portrait":false}
fromtop.stage {"top":0,"h":1080,"scrollY":432}
fromtop.ui [{"t":"Open menu","x":1794,"y":70,"w":68,"h":68,"lines":1,"tag":"button"},{"t":"Bring the painting to life","x":472,"y":265,"w":976,"h":549,"lines":1,"tag":"button"},{"t":"Mark Priest · Nalle Series · Spot 01","x":76,"y":401,"w":312,"h":35,"lines":1,"tag":"p"},{"t":"United States Deputy Marshal Holmes","x":76,"y":586,"w":312,"h":35,"lines":1,"tag":"figcaption"},{"t":"Back to the hall","x":76,"y":641,"w":195,"h":38,"lines":1,"tag":"button"},{"t":"01 / 10","x":772,"y":999,"w":48,"h":18,"lines":1,"tag":"p"},{"t":"Approach “Holeur’s Fashionable Bakery”","x":836,"y":996,"w":24,"h":24,"lines":1,"tag":"button"},{"t":"Approach “Commissioner’s Office”","x":868,"y":996,"w":24,"h":24,"lines":1,"tag":"button"},{"t":"Approach “Commissioner’s Office · Part 2”","x":900,"y":996,"w":24,"h":24,"lines":1,"tag":"button"},{"t":"Approach “Uri Gilbert Home”","x":932,"y":996,"w":24,"h":24,"lines":1,"tag":"button"},{"t":"Approach “Washington Street Ferry Landing”","x":964,"y":996,"w":24,"h":24,"lines":1,"tag":"button"},{"t":"Approach “Washington Street Ferry Landing · Narrative I”","x":996,"y":996,"w":24,"h":24,"lines":1,"tag":"button"},{"t":"Approach “Washington Street Ferry Landing · Narrative II”","x":1028,"y":996,"w":24,"h":24,"lines":1,"tag":"button"},{"t":"Approach “Peter Baltimore’s Barbershop”","x":1060,"y":996,"w":24,"h":24,"lines":1,"tag":"button"},{"t":"Approach “Peter Baltimore’s Barbershop · Narrative I”","x":1092,"y":996,"w":24,"h":24,"lines":1,"tag":"button"},{"t":"Approach “Peter Baltimore’s Barbershop · Narrative II”","x":1124,"y":996,"w":24,"h":24,"lines":1,"tag":"button"}]
fromtop.rect {"l":472,"t":265,"r":1448,"b":815,"w":976,"h":549,"behind":false}
fromtop.back {"x":76,"y":641.09375,"width":194.984375,"height":38}
fromtop.focusAfterBackClick {"t":"// Progressive enhancement flag: scroll-","tag":"BODY","outline":"none 3px rgb(254, 217, 204)","boxShadow":"none","fv":false}
fromtop.stateAfterBack {"mode":"rail","railIdx":0,"railT":0.000008037551440329219,"approached":null,"zoom":1,"alive":-1,"look":{"yaw":-0.0000011519639332605533,"pitch":-0.09999992666369832,"dragYaw":0,"dragPitch":0},"sheet":"peek","fov":58,"portrait":false}
rail.total 15421
rail.0.12.state {"mode":"rail","railIdx":0,"railT":0.14599569187242797,"approached":null,"zoom":1,"alive":-1,"look":{"yaw":-2.6372430988480924e-15,"pitch":-0.09999999999999984,"dragYaw":0,"dragPitch":0},"sheet":"peek","fov":58,"portrait":false}
rail.0.12.ui [{"t":"Open menu","x":1794,"y":70,"w":68,"h":68,"lines":1,"tag":"button"},{"t":"The Museum · scroll to walk · drag to look · tap a paintingScroll to w","x":671,"y":56,"w":578,"h":34,"lines":1,"tag":"p"},{"t":"Skip the hall","x":56,"y":56,"w":186,"h":38,"lines":1,"tag":"button"},{"t":"01 / 10","x":772,"y":999,"w":48,"h":18,"lines":1,"tag":"p"},{"t":"Approach “Holeur’s Fashionable Bakery”","x":836,"y":996,"w":24,"h":24,"lines":1,"tag":"button"},{"t":"Approach “Commissioner’s Office”","x":868,"y":996,"w":24,"h":24,"lines":1,"tag":"button"},{"t":"Approach “Commissioner’s Office · Part 2”","x":900,"y":996,"w":24,"h":24,"lines":1,"tag":"button"},{"t":"Approach “Uri Gilbert Home”","x":932,"y":996,"w":24,"h":24,"lines":1,"tag":"button"},{"t":"Approach “Washington Street Ferry Landing”","x":964,"y":996,"w":24,"h":24,"lines":1,"tag":"button"},{"t":"Approach “Washington Street Ferry Landing · Narrative I”","x":996,"y":996,"w":24,"h":24,"lines":1,"tag":"button"},{"t":"Approach “Washington Street Ferry Landing · Narrative II”","x":1028,"y":996,"w":24,"h":24,"lines":1,"tag":"button"},{"t":"Approach “Peter Baltimore’s Barbershop”","x":1060,"y":996,"w":24,"h":24,"lines":1,"tag":"button"},{"t":"Approach “Peter Baltimore’s Barbershop · Narrative I”","x":1092,"y":996,"w":24,"h":24,"lines":1,"tag":"button"},{"t":"Approach “Peter Baltimore’s Barbershop · Narrative II”","x":1124,"y":996,"w":24,"h":24,"lines":1,"tag":"button"}]
rail.0.3.state {"mode":"rail","railIdx":3,"railT":0.4314895190329218,"approached":null,"zoom":1,"alive":-1,"look":{"yaw":-1.6867940943578333e-22,"pitch":-0.09999999999999992,"dragYaw":0,"dragPitch":0},"sheet":"peek","fov":58,"portrait":false}
rail.0.3.ui [{"t":"Open menu","x":1794,"y":70,"w":68,"h":68,"lines":1,"tag":"button"},{"t":"The Museum · scroll to walk · drag to look · tap a paintingScroll to w","x":671,"y":56,"w":578,"h":34,"lines":1,"tag":"p"},{"t":"Skip the hall","x":56,"y":56,"w":186,"h":38,"lines":1,"tag":"button"},{"t":"04 / 10","x":771,"y":999,"w":51,"h":18,"lines":1,"tag":"p"},{"t":"Approach “Holeur’s Fashionable Bakery”","x":837,"y":996,"w":24,"h":24,"lines":1,"tag":"button"},{"t":"Approach “Commissioner’s Office”","x":869,"y":996,"w":24,"h":24,"lines":1,"tag":"button"},{"t":"Approach “Commissioner’s Office · Part 2”","x":901,"y":996,"w":24,"h":24,"lines":1,"tag":"button"},{"t":"Approach “Uri Gilbert Home”","x":933,"y":996,"w":24,"h":24,"lines":1,"tag":"button"},{"t":"Approach “Washington Street Ferry Landing”","x":965,"y":996,"w":24,"h":24,"lines":1,"tag":"button"},{"t":"Approach “Washington Street Ferry Landing · Narrative I”","x":997,"y":996,"w":24,"h":24,"lines":1,"tag":"button"},{"t":"Approach “Washington Street Ferry Landing · Narrative II”","x":1029,"y":996,"w":24,"h":24,"lines":1,"tag":"button"},{"t":"Approach “Peter Baltimore’s Barbershop”","x":1061,"y":996,"w":24,"h":24,"lines":1,"tag":"button"},{"t":"Approach “Peter Baltimore’s Barbershop · Narrative I”","x":1093,"y":996,"w":24,"h":24,"lines":1,"tag":"button"},{"t":"Approach “Peter Baltimore’s Barbershop · Narrative II”","x":1125,"y":996,"w":24,"h":24,"lines":1,"tag":"button"}]
look.state {"mode":"rail","railIdx":3,"railT":0.4314895190329218,"approached":null,"zoom":1,"alive":-1,"look":{"yaw":-6.454853361683926,"pitch":-0.09999999999999992,"dragYaw":-6.455218265209556,"dragPitch":0},"sheet":"peek","fov":58,"portrait":false}
look.ui [{"t":"Open menu","x":1794,"y":70,"w":68,"h":68,"lines":1,"tag":"button"},{"t":"Face forward","x":877,"y":56,"w":165,"h":38,"lines":1,"tag":"button"},{"t":"Skip the hall","x":56,"y":56,"w":186,"h":38,"lines":1,"tag":"button"},{"t":"04 / 10","x":771,"y":999,"w":51,"h":18,"lines":1,"tag":"p"},{"t":"Approach “Holeur’s Fashionable Bakery”","x":837,"y":996,"w":24,"h":24,"lines":1,"tag":"button"},{"t":"Approach “Commissioner’s Office”","x":869,"y":996,"w":24,"h":24,"lines":1,"tag":"button"},{"t":"Approach “Commissioner’s Office · Part 2”","x":901,"y":996,"w":24,"h":24,"lines":1,"tag":"button"},{"t":"Approach “Uri Gilbert Home”","x":933,"y":996,"w":24,"h":24,"lines":1,"tag":"button"},{"t":"Approach “Washington Street Ferry Landing”","x":965,"y":996,"w":24,"h":24,"lines":1,"tag":"button"},{"t":"Approach “Washington Street Ferry Landing · Narrative I”","x":997,"y":996,"w":24,"h":24,"lines":1,"tag":"button"},{"t":"Approach “Washington Street Ferry Landing · Narrative II”","x":1029,"y":996,"w":24,"h":24,"lines":1,"tag":"button"},{"t":"Approach “Peter Baltimore’s Barbershop”","x":1061,"y":996,"w":24,"h":24,"lines":1,"tag":"button"},{"t":"Approach “Peter Baltimore’s Barbershop · Narrative I”","x":1093,"y":996,"w":24,"h":24,"lines":1,"tag":"button"},{"t":"Approach “Peter Baltimore’s Barbershop · Narrative II”","x":1125,"y":996,"w":24,"h":24,"lines":1,"tag":"button"}]
look.faceForward {"x":877.421875,"y":56,"width":165.15625,"height":38}
look.afterFF {"mode":"rail","railIdx":3,"railT":0.4314895190329218,"approached":null,"zoom":1,"alive":-1,"look":{"yaw":-6.28319955587794,"pitch":-0.09999999999999992,"dragYaw":0,"dragPitch":0},"sheet":"peek","fov":58,"portrait":false}
approach.idx 5
approach.rectBefore {"l":466,"t":267,"r":648,"b":568,"w":181,"h":301,"behind":false}
approach.state {"mode":"approach","railIdx":3,"railT":0.4314895190329218,"approached":5,"zoom":1,"alive":-1,"look":{"yaw":-4.71238899741252,"pitch":-1.0840247599167826e-9,"dragYaw":0,"dragPitch":0},"sheet":"peek","fov":58,"portrait":false}
approach.rect {"l":472,"t":265,"r":1448,"b":815,"w":976,"h":549,"behind":false}
approach.ui [{"t":"Open menu","x":1794,"y":70,"w":68,"h":68,"lines":1,"tag":"button"},{"t":"Bring the painting to life","x":472,"y":265,"w":976,"h":549,"lines":1,"tag":"button"},{"t":"Mark Priest · Nalle Series · Spot 04","x":76,"y":436,"w":312,"h":35,"lines":1,"tag":"p"},{"t":"Back to the hall","x":76,"y":606,"w":195,"h":38,"lines":1,"tag":"button"},{"t":"06 / 10","x":771,"y":999,"w":51,"h":18,"lines":1,"tag":"p"},{"t":"Approach “Holeur’s Fashionable Bakery”","x":837,"y":996,"w":24,"h":24,"lines":1,"tag":"button"},{"t":"Approach “Commissioner’s Office”","x":869,"y":996,"w":24,"h":24,"lines":1,"tag":"button"},{"t":"Approach “Commissioner’s Office · Part 2”","x":901,"y":996,"w":24,"h":24,"lines":1,"tag":"button"},{"t":"Approach “Uri Gilbert Home”","x":933,"y":996,"w":24,"h":24,"lines":1,"tag":"button"},{"t":"Approach “Washington Street Ferry Landing”","x":965,"y":996,"w":24,"h":24,"lines":1,"tag":"button"},{"t":"Approach “Washington Street Ferry Landing · Narrative I”","x":997,"y":996,"w":24,"h":24,"lines":1,"tag":"button"},{"t":"Approach “Washington Street Ferry Landing · Narrative II”","x":1029,"y":996,"w":24,"h":24,"lines":1,"tag":"button"},{"t":"Approach “Peter Baltimore’s Barbershop”","x":1061,"y":996,"w":24,"h":24,"lines":1,"tag":"button"},{"t":"Approach “Peter Baltimore’s Barbershop · Narrative I”","x":1093,"y":996,"w":24,"h":24,"lines":1,"tag":"button"},{"t":"Approach “Peter Baltimore’s Barbershop · Narrative II”","x":1125,"y":996,"w":24,"h":24,"lines":1,"tag":"button"}]
approach.plaque [{"tag":"P","t":"Charles","lines":1,"x":690,"y":431,"w":540,"h":113},{"tag":"P","t":"Nalle","lines":1,"x":844,"y":536,"w":385,"h":113},{"tag":"P","t":"Mark Priest · Nalle Series · Spot 04","lines":1,"x":76,"y":436,"w":312,"h":35},{"tag":"P","t":"Washington Street Ferry LandingNarrative I","lines":1,"x":76,"y":483,"w":312,"h":104},{"tag":"P","t":"06 / 10","lines":1,"x":771,"y":999,"w":51,"h":18}]
alive.state {"mode":"approach","railIdx":3,"railT":0.4314895190329218,"approached":5,"zoom":1,"alive":5,"look":{"yaw":-4.712388980384697,"pitch":-1.6726369531621312e-16,"dragYaw":0,"dragPitch":0},"sheet":"peek","fov":58,"portrait":false}
alive.video [{"paused":true,"t":0,"w":0,"h":0}]
alive.afterSecondTap {"mode":"approach","railIdx":3,"railT":0.4314895190329218,"approached":5,"zoom":1,"alive":-1,"look":{"yaw":-4.712388980384696,"pitch":-7.245399870657061e-20,"dragYaw":0,"dragPitch":0},"sheet":"peek","fov":58,"portrait":false}
back.btn {"x":76,"y":606.296875,"width":194.984375,"height":38}
back.state {"mode":"rail","railIdx":3,"railT":0.4314895190329218,"approached":null,"zoom":1,"alive":-1,"look":{"yaw":-6.2831662804794455,"pitch":-0.09999878872264881,"dragYaw":0,"dragPitch":0},"sheet":"peek","fov":58,"portrait":false}
last.state {"mode":"approach","railIdx":3,"railT":0.4314895190329218,"approached":9,"zoom":1,"alive":-1,"look":{"yaw":-4.712388981312293,"pitch":-5.905299876849198e-11,"dragYaw":0,"dragPitch":0},"sheet":"peek","fov":58,"portrait":false}
last.rect {"l":728,"t":192,"r":1192,"b":888,"w":464,"h":696,"behind":false}
last.ui [{"t":"Open menu","x":1794,"y":70,"w":68,"h":68,"lines":1,"tag":"button"},{"t":"Bring the painting to life","x":728,"y":192,"w":464,"h":696,"lines":1,"tag":"button"},{"t":"Mark Priest · Nalle Series · Spot 05","x":76,"y":436,"w":312,"h":35,"lines":1,"tag":"p"},{"t":"Back to the hall","x":76,"y":606,"w":195,"h":38,"lines":1,"tag":"button"},{"t":"10 / 10","x":772,"y":999,"w":48,"h":18,"lines":1,"tag":"p"},{"t":"Approach “Holeur’s Fashionable Bakery”","x":836,"y":996,"w":24,"h":24,"lines":1,"tag":"button"},{"t":"Approach “Commissioner’s Office”","x":868,"y":996,"w":24,"h":24,"lines":1,"tag":"button"},{"t":"Approach “Commissioner’s Office · Part 2”","x":900,"y":996,"w":24,"h":24,"lines":1,"tag":"button"},{"t":"Approach “Uri Gilbert Home”","x":932,"y":996,"w":24,"h":24,"lines":1,"tag":"button"},{"t":"Approach “Washington Street Ferry Landing”","x":964,"y":996,"w":24,"h":24,"lines":1,"tag":"button"},{"t":"Approach “Washington Street Ferry Landing · Narrative I”","x":996,"y":996,"w":24,"h":24,"lines":1,"tag":"button"},{"t":"Approach “Washington Street Ferry Landing · Narrative II”","x":1028,"y":996,"w":24,"h":24,"lines":1,"tag":"button"},{"t":"Approach “Peter Baltimore’s Barbershop”","x":1060,"y":996,"w":24,"h":24,"lines":1,"tag":"button"},{"t":"Approach “Peter Baltimore’s Barbershop · Narrative I”","x":1092,"y":996,"w":24,"h":24,"lines":1,"tag":"button"},{"t":"Approach “Peter Baltimore’s Barbershop · Narrative II”","x":1124,"y":996,"w":24,"h":24,"lines":1,"tag":"button"}]
last.plaque []
esc.state {"mode":"rail","railIdx":3,"railT":0.4314895190329218,"approached":null,"zoom":1,"alive":-1,"look":{"yaw":-6.28305888925721,"pitch":-0.09999195198510329,"dragYaw":0,"dragPitch":0},"sheet":"peek","fov":58,"portrait":false}
title.5.rect {"l":472,"t":265,"r":1448,"b":815,"w":976,"h":549,"behind":false}
title.6.rect {"l":472,"t":265,"r":1448,"b":815,"w":976,"h":549,"behind":false}
title.8.rect {"l":479,"t":219,"r":1441,"b":861,"w":963,"h":642,"behind":false}
title.9.rect {"l":728,"t":192,"r":1192,"b":888,"w":464,"h":696,"behind":false}
titles {"5":[],"6":[],"8":[],"9":[]}
kb.focusBeforeEnter {"t":"Approach “Washington Street Ferry Landin","tag":"BUTTON","outline":"solid 2px rgb(242, 104, 53)","boxShadow":"none","fv":true}
kb.tabs [{"t":"Skip to content","tag":"A","outline":"solid 2px rgb(242, 104, 53)","boxShadow":"none","fv":true},{"t":"Open menu","tag":"BUTTON","outline":"solid 2px rgb(242, 104, 53)","boxShadow":"none","fv":true},{"t":"Skip the hall","tag":"BUTTON","outline":"solid 2px rgb(242, 104, 53)","boxShadow":"none","fv":true},{"t":"Approach “Holeur’s Fashionable Bakery”","tag":"BUTTON","outline":"solid 2px rgb(242, 105, 54)","boxShadow":"none","fv":true},{"t":"Approach “Commissioner’s Office”","tag":"BUTTON","outline":"solid 2px rgb(242, 105, 54)","boxShadow":"none","fv":true},{"t":"Approach “Commissioner’s Office · Part 2","tag":"BUTTON","outline":"solid 2px rgb(242, 105, 54)","boxShadow":"none","fv":true},{"t":"Approach “Uri Gilbert Home”","tag":"BUTTON","outline":"solid 2px rgb(242, 105, 54)","boxShadow":"none","fv":true},{"t":"Approach “Washington Street Ferry Landin","tag":"BUTTON","outline":"solid 2px rgb(242, 105, 54)","boxShadow":"none","fv":true}]
kb.afterEnter {"mode":"approach","railIdx":0,"railT":0.048156185699588475,"approached":4,"zoom":1,"alive":-1,"look":{"yaw":-1.5707946652991258,"pitch":-1.057741059243264e-7,"dragYaw":0,"dragPitch":0},"sheet":"peek","fov":58,"portrait":false}
kb.afterRight {"mode":"approach","railIdx":0,"railT":0.048156185699588475,"approached":5,"zoom":1,"alive":-1,"look":{"yaw":1.5705316881211413,"pitch":-7.318432135766672e-13,"dragYaw":0,"dragPitch":0},"sheet":"peek","fov":58,"portrait":false}
kb.afterEsc {"mode":"rail","railIdx":0,"railT":0.048156185699588475,"approached":null,"zoom":1,"alive":-1,"look":{"yaw":0.00013229795108213752,"pitch":-0.09999157628902185,"dragYaw":0,"dragPitch":0},"sheet":"peek","fov":58,"portrait":false}
kb.focusAfterEsc {"t":"Approach “Washington Street Ferry Landin","tag":"BUTTON","outline":"solid 2px rgb(242, 104, 53)","boxShadow":"none","fv":true}
kb.afterLeftInRail {"mode":"rail","railIdx":0,"railT":0.048156185699588475,"approached":null,"zoom":1,"alive":-1,"look":{"yaw":0.34980649007374015,"pitch":-0.09999999556820034,"dragYaw":0.35,"dragPitch":0},"sheet":"peek","fov":58,"portrait":false}
menu.open [{"t":"Skip to content","x":-999,"y":0,"w":148,"h":40,"lines":1,"tag":"a"},{"t":"Close menu","x":1495,"y":57,"w":368,"h":57,"lines":1,"tag":"button"},{"t":"Home","x":1527,"y":146,"w":304,"h":18,"lines":1,"tag":"a"},{"t":"01Bakery","x":1527,"y":196,"w":304,"h":35,"lines":1,"tag":"a"},{"t":"01","x":1527,"y":210,"w":32,"h":18,"lines":1,"tag":"span"},{"t":"02Commissioner’s Office","x":1527,"y":250,"w":304,"h":69,"lines":1,"tag":"a"},{"t":"02","x":1527,"y":264,"w":32,"h":18,"lines":1,"tag":"span"},{"t":"03Gilbert Home","x":1527,"y":339,"w":304,"h":35,"lines":1,"tag":"a"},{"t":"03","x":1527,"y":353,"w":32,"h":18,"lines":1,"tag":"span"},{"t":"04Ferry Landing","x":1527,"y":394,"w":304,"h":35,"lines":1,"tag":"a"},{"t":"04","x":1527,"y":408,"w":32,"h":18,"lines":1,"tag":"span"},{"t":"05Barbershop","x":1527,"y":448,"w":304,"h":35,"lines":1,"tag":"a"},{"t":"05","x":1527,"y":462,"w":32,"h":18,"lines":1,"tag":"span"},{"t":"Map","x":1527,"y":549,"w":61,"h":24,"lines":1,"tag":"a"},{"t":"The people","x":1527,"y":591,"w":126,"h":24,"lines":1,"tag":"a"},{"t":"The paintings","x":1527,"y":633,"w":152,"h":24,"lines":1,"tag":"a"},{"t":"About","x":1527,"y":675,"w":81,"h":24,"lines":1,"tag":"a"},{"t":"The paintings · 10 works","x":376,"y":151,"w":1168,"h":18,"lines":1,"tag":"p"},{"t":"The Museum · scroll to walk · drag to look · tap a paintingScroll to w","x":671,"y":488,"w":578,"h":34,"lines":1,"tag":"p"},{"t":"Skip the hall","x":56,"y":488,"w":186,"h":38,"lines":1,"tag":"button"}]
menu.closed "false"
menu.afterDown {"x":1794,"y":70,"op":"0","vis":"visible","tr":"matrix(0.94, 0, 0, 0.94, 0, 12)"}
menu.afterUp {"x":1792,"y":56,"op":"1","vis":"visible","tr":"none"}
console errors: []
--- exit 0 10:48:53
=== scripts/juror9-museum.mjs z720 10:48:53
top.ui [{"t":"Skip to content","x":-999,"y":0,"w":148,"h":40,"lines":1,"tag":"a"},{"t":"Open menu","x":628,"y":20,"w":72,"h":72,"lines":1,"tag":"button"},{"t":"The paintings · 10 works","x":20,"y":96,"w":680,"h":16,"lines":1,"tag":"p"},{"t":"The Museum · scroll to walk · drag to look · tap a paintingScroll to w","x":267,"y":316,"w":295,"h":32,"lines":1,"tag":"p"},{"t":"Skip the hall","x":20,"y":316,"w":186,"h":38,"lines":1,"tag":"button"}]
top.stage {"top":296,"h":450,"scrollY":0}
top.state {"mode":"rail","railIdx":0,"railT":0,"approached":null,"zoom":1,"alive":-1,"look":{"yaw":0,"pitch":-0.0999999999999999,"dragYaw":0,"dragPitch":0},"sheet":"peek","fov":58,"portrait":false}
top.rect0 {"l":543,"t":345,"r":739,"b":574,"w":196,"h":228,"behind":false}
top.clickAt [641,440]
fromtop.state {"mode":"approach","railIdx":0,"railT":0.0001080246913580247,"approached":0,"zoom":1,"alive":-1,"look":{"yaw":-1.5707961895559504,"pitch":-8.73690269339615e-9,"dragYaw":0,"dragPitch":0},"sheet":"peek","fov":62.77422153184851,"portrait":false}
fromtop.stage {"top":0,"h":450,"scrollY":296}
fromtop.ui [{"t":"Open menu","x":630,"y":34,"w":68,"h":68,"lines":1,"tag":"button"},{"t":"Bring the painting to life","x":261,"y":169,"w":199,"h":112,"lines":1,"tag":"button"},{"t":"Mark Priest · Nalle Series · Spot 01","x":36,"y":129,"w":176,"h":32,"lines":1,"tag":"p"},{"t":"Back to the hall","x":36,"y":283,"w":176,"h":38,"lines":1,"tag":"button"},{"t":"01 / 10","x":174,"y":406,"w":45,"h":16,"lines":1,"tag":"p"},{"t":"Approach “Holeur’s Fashionable Bakery”","x":234,"y":402,"w":24,"h":24,"lines":1,"tag":"button"},{"t":"Approach “Commissioner’s Office”","x":266,"y":402,"w":24,"h":24,"lines":1,"tag":"button"},{"t":"Approach “Commissioner’s Office · Part 2”","x":298,"y":402,"w":24,"h":24,"lines":1,"tag":"button"},{"t":"Approach “Uri Gilbert Home”","x":330,"y":402,"w":24,"h":24,"lines":1,"tag":"button"},{"t":"Approach “Washington Street Ferry Landing”","x":362,"y":402,"w":24,"h":24,"lines":1,"tag":"button"},{"t":"Approach “Washington Street Ferry Landing · Narrative I”","x":394,"y":402,"w":24,"h":24,"lines":1,"tag":"button"},{"t":"Approach “Washington Street Ferry Landing · Narrative II”","x":426,"y":402,"w":24,"h":24,"lines":1,"tag":"button"},{"t":"Approach “Peter Baltimore’s Barbershop”","x":458,"y":402,"w":24,"h":24,"lines":1,"tag":"button"},{"t":"Approach “Peter Baltimore’s Barbershop · Narrative I”","x":490,"y":402,"w":24,"h":24,"lines":1,"tag":"button"},{"t":"Approach “Peter Baltimore’s Barbershop · Narrative II”","x":522,"y":402,"w":24,"h":24,"lines":1,"tag":"button"}]
fromtop.rect {"l":261,"t":169,"r":459,"b":281,"w":199,"h":112,"behind":false}
fromtop.back {"x":36,"y":283.0234375,"width":176,"height":38}
fromtop.focusAfterBackClick {"t":"// Progressive enhancement flag: scroll-","tag":"BODY","outline":"none 3px rgb(254, 217, 204)","boxShadow":"none","fv":false}
fromtop.stateAfterBack {"mode":"rail","railIdx":0,"railT":0.0001080246913580247,"approached":null,"zoom":1,"alive":-1,"look":{"yaw":-0.000009778813845253645,"pitch":-0.0999993774613756,"dragYaw":0,"dragPitch":0},"sheet":"peek","fov":58.009893671403844,"portrait":false}
rail.total 7978
rail.0.12.state {"mode":"rail","railIdx":1,"railT":0.1633179012345679,"approached":null,"zoom":1,"alive":-1,"look":{"yaw":-2.2093289875783302e-13,"pitch":-0.09999999999998593,"dragYaw":0,"dragPitch":0},"sheet":"peek","fov":58.009893671403844,"portrait":false}
rail.0.12.ui [{"t":"Open menu","x":630,"y":34,"w":68,"h":68,"lines":1,"tag":"button"},{"t":"The Museum · scroll to walk · drag to look · tap a paintingScroll to w","x":267,"y":20,"w":295,"h":32,"lines":1,"tag":"p"},{"t":"Skip the hall","x":20,"y":20,"w":186,"h":38,"lines":1,"tag":"button"},{"t":"02 / 10","x":173,"y":406,"w":47,"h":16,"lines":1,"tag":"p"},{"t":"Approach “Holeur’s Fashionable Bakery”","x":235,"y":402,"w":24,"h":24,"lines":1,"tag":"button"},{"t":"Approach “Commissioner’s Office”","x":267,"y":402,"w":24,"h":24,"lines":1,"tag":"button"},{"t":"Approach “Commissioner’s Office · Part 2”","x":299,"y":402,"w":24,"h":24,"lines":1,"tag":"button"},{"t":"Approach “Uri Gilbert Home”","x":331,"y":402,"w":24,"h":24,"lines":1,"tag":"button"},{"t":"Approach “Washington Street Ferry Landing”","x":363,"y":402,"w":24,"h":24,"lines":1,"tag":"button"},{"t":"Approach “Washington Street Ferry Landing · Narrative I”","x":395,"y":402,"w":24,"h":24,"lines":1,"tag":"button"},{"t":"Approach “Washington Street Ferry Landing · Narrative II”","x":427,"y":402,"w":24,"h":24,"lines":1,"tag":"button"},{"t":"Approach “Peter Baltimore’s Barbershop”","x":459,"y":402,"w":24,"h":24,"lines":1,"tag":"button"},{"t":"Approach “Peter Baltimore’s Barbershop · Narrative I”","x":491,"y":402,"w":24,"h":24,"lines":1,"tag":"button"},{"t":"Approach “Peter Baltimore’s Barbershop · Narrative II”","x":523,"y":402,"w":24,"h":24,"lines":1,"tag":"button"}]
rail.0.3.state {"mode":"rail","railIdx":4,"railT":0.5178858024691358,"approached":null,"zoom":1,"alive":-1,"look":{"yaw":-1.209339571491411e-19,"pitch":-0.0999999999999999,"dragYaw":0,"dragPitch":0},"sheet":"peek","fov":58.009893671403844,"portrait":false}
rail.0.3.ui [{"t":"Open menu","x":630,"y":34,"w":68,"h":68,"lines":1,"tag":"button"},{"t":"The Museum · scroll to walk · drag to look · tap a paintingScroll to w","x":267,"y":20,"w":295,"h":32,"lines":1,"tag":"p"},{"t":"Skip the hall","x":20,"y":20,"w":186,"h":38,"lines":1,"tag":"button"},{"t":"05 / 10","x":173,"y":406,"w":46,"h":16,"lines":1,"tag":"p"},{"t":"Approach “Holeur’s Fashionable Bakery”","x":235,"y":402,"w":24,"h":24,"lines":1,"tag":"button"},{"t":"Approach “Commissioner’s Office”","x":267,"y":402,"w":24,"h":24,"lines":1,"tag":"button"},{"t":"Approach “Commissioner’s Office · Part 2”","x":299,"y":402,"w":24,"h":24,"lines":1,"tag":"button"},{"t":"Approach “Uri Gilbert Home”","x":331,"y":402,"w":24,"h":24,"lines":1,"tag":"button"},{"t":"Approach “Washington Street Ferry Landing”","x":363,"y":402,"w":24,"h":24,"lines":1,"tag":"button"},{"t":"Approach “Washington Street Ferry Landing · Narrative I”","x":395,"y":402,"w":24,"h":24,"lines":1,"tag":"button"},{"t":"Approach “Washington Street Ferry Landing · Narrative II”","x":427,"y":402,"w":24,"h":24,"lines":1,"tag":"button"},{"t":"Approach “Peter Baltimore’s Barbershop”","x":459,"y":402,"w":24,"h":24,"lines":1,"tag":"button"},{"t":"Approach “Peter Baltimore’s Barbershop · Narrative I”","x":491,"y":402,"w":24,"h":24,"lines":1,"tag":"button"},{"t":"Approach “Peter Baltimore’s Barbershop · Narrative II”","x":523,"y":402,"w":24,"h":24,"lines":1,"tag":"button"}]
look.state {"mode":"rail","railIdx":4,"railT":0.5178858024691358,"approached":null,"zoom":1,"alive":-1,"look":{"yaw":-2.4195439822257736,"pitch":-0.09999999999999991,"dragYaw":-2.420384228894718,"dragPitch":0},"sheet":"peek","fov":58.009893671403844,"portrait":false}
look.ui [{"t":"Open menu","x":630,"y":34,"w":68,"h":68,"lines":1,"tag":"button"},{"t":"Face forward","x":331,"y":20,"w":165,"h":38,"lines":1,"tag":"button"},{"t":"Skip the hall","x":20,"y":20,"w":186,"h":38,"lines":1,"tag":"button"},{"t":"05 / 10","x":173,"y":406,"w":46,"h":16,"lines":1,"tag":"p"},{"t":"Approach “Holeur’s Fashionable Bakery”","x":235,"y":402,"w":24,"h":24,"lines":1,"tag":"button"},{"t":"Approach “Commissioner’s Office”","x":267,"y":402,"w":24,"h":24,"lines":1,"tag":"button"},{"t":"Approach “Commissioner’s Office · Part 2”","x":299,"y":402,"w":24,"h":24,"lines":1,"tag":"button"},{"t":"Approach “Uri Gilbert Home”","x":331,"y":402,"w":24,"h":24,"lines":1,"tag":"button"},{"t":"Approach “Washington Street Ferry Landing”","x":363,"y":402,"w":24,"h":24,"lines":1,"tag":"button"},{"t":"Approach “Washington Street Ferry Landing · Narrative I”","x":395,"y":402,"w":24,"h":24,"lines":1,"tag":"button"},{"t":"Approach “Washington Street Ferry Landing · Narrative II”","x":427,"y":402,"w":24,"h":24,"lines":1,"tag":"button"},{"t":"Approach “Peter Baltimore’s Barbershop”","x":459,"y":402,"w":24,"h":24,"lines":1,"tag":"button"},{"t":"Approach “Peter Baltimore’s Barbershop · Narrative I”","x":491,"y":402,"w":24,"h":24,"lines":1,"tag":"button"},{"t":"Approach “Peter Baltimore’s Barbershop · Narrative II”","x":523,"y":402,"w":24,"h":24,"lines":1,"tag":"button"}]
look.faceForward {"x":331.421875,"y":20,"width":165.15625,"height":38}
look.afterFF {"mode":"rail","railIdx":4,"railT":0.5178858024691358,"approached":null,"zoom":1,"alive":-1,"look":{"yaw":-0.0001921890670220265,"pitch":-0.09999999999999991,"dragYaw":0,"dragPitch":0},"sheet":"peek","fov":58.009893671403844,"portrait":false}
approach.idx 6
approach.rectBefore {"l":483,"t":117,"r":548,"b":232,"w":66,"h":115,"behind":false}
approach.state {"mode":"approach","railIdx":4,"railT":0.5178858024691358,"approached":6,"zoom":1,"alive":-1,"look":{"yaw":-1.5707961965018387,"pitch":-8.295230772835663e-9,"dragYaw":0,"dragPitch":0},"sheet":"peek","fov":62.77424662183771,"portrait":false}
approach.rect {"l":261,"t":169,"r":459,"b":281,"w":199,"h":112,"behind":false}
approach.ui [{"t":"Open menu","x":630,"y":34,"w":68,"h":68,"lines":1,"tag":"button"},{"t":"Bring the painting to life","x":261,"y":169,"w":199,"h":112,"lines":1,"tag":"button"},{"t":"Mark Priest · Nalle Series · Spot 04","x":36,"y":114,"w":176,"h":32,"lines":1,"tag":"p"},{"t":"Back to the hall","x":36,"y":298,"w":176,"h":38,"lines":1,"tag":"button"},{"t":"07 / 10","x":173,"y":406,"w":46,"h":16,"lines":1,"tag":"p"},{"t":"Approach “Holeur’s Fashionable Bakery”","x":235,"y":402,"w":24,"h":24,"lines":1,"tag":"button"},{"t":"Approach “Commissioner’s Office”","x":267,"y":402,"w":24,"h":24,"lines":1,"tag":"button"},{"t":"Approach “Commissioner’s Office · Part 2”","x":299,"y":402,"w":24,"h":24,"lines":1,"tag":"button"},{"t":"Approach “Uri Gilbert Home”","x":331,"y":402,"w":24,"h":24,"lines":1,"tag":"button"},{"t":"Approach “Washington Street Ferry Landing”","x":363,"y":402,"w":24,"h":24,"lines":1,"tag":"button"},{"t":"Approach “Washington Street Ferry Landing · Narrative I”","x":395,"y":402,"w":24,"h":24,"lines":1,"tag":"button"},{"t":"Approach “Washington Street Ferry Landing · Narrative II”","x":427,"y":402,"w":24,"h":24,"lines":1,"tag":"button"},{"t":"Approach “Peter Baltimore’s Barbershop”","x":459,"y":402,"w":24,"h":24,"lines":1,"tag":"button"},{"t":"Approach “Peter Baltimore’s Barbershop · Narrative I”","x":491,"y":402,"w":24,"h":24,"lines":1,"tag":"button"},{"t":"Approach “Peter Baltimore’s Barbershop · Narrative II”","x":523,"y":402,"w":24,"h":24,"lines":1,"tag":"button"}]
approach.plaque [{"tag":"P","t":"Charles","lines":1,"x":193,"y":158,"w":334,"h":70},{"tag":"P","t":"Nalle","lines":1,"x":289,"y":223,"w":238,"h":70},{"tag":"P","t":"Mark Priest · Nalle Series · Spot 04","lines":1,"x":36,"y":114,"w":176,"h":32},{"tag":"P","t":"Washington Street Ferry LandingNarrative II","lines":1,"x":36,"y":158,"w":176,"h":120},{"tag":"P","t":"07 / 10","lines":1,"x":173,"y":406,"w":46,"h":16}]
alive.state {"mode":"approach","railIdx":4,"railT":0.5178858024691358,"approached":6,"zoom":1,"alive":6,"look":{"yaw":-1.5707963267948766,"pitch":-1.2863597137654791e-15,"dragYaw":0,"dragPitch":0},"sheet":"peek","fov":62.77424662183771,"portrait":false}
alive.video [{"paused":true,"t":0,"w":0,"h":0}]
alive.afterSecondTap {"mode":"approach","railIdx":4,"railT":0.5178858024691358,"approached":6,"zoom":1,"alive":-1,"look":{"yaw":-1.5707963267948948,"pitch":-4.883301758399946e-18,"dragYaw":0,"dragPitch":0},"sheet":"peek","fov":62.77424662183771,"portrait":false}
back.btn {"x":36,"y":297.96875,"width":176,"height":38}
back.state {"mode":"rail","railIdx":4,"railT":0.5178858024691358,"approached":null,"zoom":1,"alive":-1,"look":{"yaw":-0.000019266026565540493,"pitch":-0.09999877348665535,"dragYaw":0,"dragPitch":0},"sheet":"peek","fov":58.00995688420876,"portrait":false}
last.state {"mode":"approach","railIdx":4,"railT":0.5178858024691358,"approached":9,"zoom":1,"alive":-1,"look":{"yaw":1.5707963209138789,"pitch":-3.743925216702232e-10,"dragYaw":0,"dragPitch":0},"sheet":"peek","fov":58.00995688420876,"portrait":false}
last.rect {"l":270,"t":91,"r":450,"b":359,"w":179,"h":269,"behind":false}
last.ui [{"t":"Open menu","x":630,"y":34,"w":68,"h":68,"lines":1,"tag":"button"},{"t":"Bring the painting to life","x":270,"y":91,"w":179,"h":269,"lines":1,"tag":"button"},{"t":"Mark Priest · Nalle Series · Spot 05","x":36,"y":114,"w":176,"h":32,"lines":1,"tag":"p"},{"t":"Back to the hall","x":36,"y":298,"w":176,"h":38,"lines":1,"tag":"button"},{"t":"10 / 10","x":174,"y":406,"w":45,"h":16,"lines":1,"tag":"p"},{"t":"Approach “Holeur’s Fashionable Bakery”","x":234,"y":402,"w":24,"h":24,"lines":1,"tag":"button"},{"t":"Approach “Commissioner’s Office”","x":266,"y":402,"w":24,"h":24,"lines":1,"tag":"button"},{"t":"Approach “Commissioner’s Office · Part 2”","x":298,"y":402,"w":24,"h":24,"lines":1,"tag":"button"},{"t":"Approach “Uri Gilbert Home”","x":330,"y":402,"w":24,"h":24,"lines":1,"tag":"button"},{"t":"Approach “Washington Street Ferry Landing”","x":362,"y":402,"w":24,"h":24,"lines":1,"tag":"button"},{"t":"Approach “Washington Street Ferry Landing · Narrative I”","x":394,"y":402,"w":24,"h":24,"lines":1,"tag":"button"},{"t":"Approach “Washington Street Ferry Landing · Narrative II”","x":426,"y":402,"w":24,"h":24,"lines":1,"tag":"button"},{"t":"Approach “Peter Baltimore’s Barbershop”","x":458,"y":402,"w":24,"h":24,"lines":1,"tag":"button"},{"t":"Approach “Peter Baltimore’s Barbershop · Narrative I”","x":490,"y":402,"w":24,"h":24,"lines":1,"tag":"button"},{"t":"Approach “Peter Baltimore’s Barbershop · Narrative II”","x":522,"y":402,"w":24,"h":24,"lines":1,"tag":"button"}]
last.plaque []
esc.state {"mode":"rail","railIdx":4,"railT":0.5178858024691358,"approached":null,"zoom":1,"alive":-1,"look":{"yaw":0.00012399215029265513,"pitch":-0.09999210641455054,"dragYaw":0,"dragPitch":0},"sheet":"peek","fov":58.00995688420876,"portrait":false}
title.5.rect {"l":261,"t":169,"r":459,"b":281,"w":199,"h":112,"behind":false}
title.6.rect {"l":261,"t":169,"r":459,"b":281,"w":199,"h":112,"behind":false}
title.8.rect {"l":262,"t":160,"r":458,"b":290,"w":195,"h":130,"behind":false}
title.9.rect {"l":271,"t":91,"r":450,"b":359,"w":179,"h":269,"behind":false}
titles {"5":[],"6":[],"8":[],"9":[]}
kb.focusBeforeEnter {"t":"Approach “Washington Street Ferry Landin","tag":"BUTTON","outline":"solid 2px rgb(242, 104, 53)","boxShadow":"none","fv":true}
kb.tabs [{"t":"Skip to content","tag":"A","outline":"solid 2px rgb(242, 104, 53)","boxShadow":"none","fv":true},{"t":"Open menu","tag":"BUTTON","outline":"solid 2px rgb(242, 104, 53)","boxShadow":"none","fv":true},{"t":"Skip the hall","tag":"BUTTON","outline":"solid 2px rgb(242, 104, 53)","boxShadow":"none","fv":true},{"t":"Approach “Holeur’s Fashionable Bakery”","tag":"BUTTON","outline":"solid 2px rgb(242, 105, 54)","boxShadow":"none","fv":true},{"t":"Approach “Commissioner’s Office”","tag":"BUTTON","outline":"solid 2px rgb(242, 105, 54)","boxShadow":"none","fv":true},{"t":"Approach “Commissioner’s Office · Part 2","tag":"BUTTON","outline":"solid 2px rgb(242, 105, 54)","boxShadow":"none","fv":true},{"t":"Approach “Uri Gilbert Home”","tag":"BUTTON","outline":"solid 2px rgb(242, 105, 54)","boxShadow":"none","fv":true},{"t":"Approach “Washington Street Ferry Landin","tag":"BUTTON","outline":"solid 2px rgb(242, 105, 54)","boxShadow":"none","fv":true}]
kb.afterEnter {"mode":"approach","railIdx":0,"railT":0.04677469135802469,"approached":4,"zoom":1,"alive":-1,"look":{"yaw":-1.5707947403933655,"pitch":-1.0099345814632862e-7,"dragYaw":0,"dragPitch":0},"sheet":"peek","fov":62.77421248190939,"portrait":false}
kb.afterRight {"mode":"approach","railIdx":0,"railT":0.04677469135802469,"approached":5,"zoom":1,"alive":-1,"look":{"yaw":1.5705434910186062,"pitch":-4.36966358353665e-12,"dragYaw":0,"dragPitch":0},"sheet":"peek","fov":62.77421248190939,"portrait":false}
kb.afterEsc {"mode":"rail","railIdx":0,"railT":0.04677469135802469,"approached":null,"zoom":1,"alive":-1,"look":{"yaw":0.00012719003288411926,"pitch":-0.09999190152748995,"dragYaw":0,"dragPitch":0},"sheet":"peek","fov":58.009925182587565,"portrait":false}
kb.focusAfterEsc {"t":"Approach “Washington Street Ferry Landin","tag":"BUTTON","outline":"solid 2px rgb(242, 104, 53)","boxShadow":"none","fv":true}
kb.afterLeftInRail {"mode":"rail","railIdx":0,"railT":0.04677469135802469,"approached":null,"zoom":1,"alive":-1,"look":{"yaw":0.34981753197224547,"pitch":-0.09999999577643,"dragYaw":0.35,"dragPitch":0},"sheet":"peek","fov":58.009925182587565,"portrait":false}
menu.open [{"t":"Skip to content","x":-999,"y":0,"w":148,"h":40,"lines":1,"tag":"a"},{"t":"Close menu","x":331,"y":21,"w":368,"h":57,"lines":1,"tag":"button"},{"t":"Home","x":363,"y":110,"w":304,"h":16,"lines":1,"tag":"a"},{"t":"01Bakery","x":363,"y":158,"w":304,"h":30,"lines":1,"tag":"a"},{"t":"01","x":363,"y":169,"w":32,"h":16,"lines":1,"tag":"span"},{"t":"02Commissioner’s Office","x":363,"y":208,"w":304,"h":60,"lines":1,"tag":"a"},{"t":"02","x":363,"y":219,"w":32,"h":16,"lines":1,"tag":"span"},{"t":"03Gilbert Home","x":363,"y":288,"w":304,"h":30,"lines":1,"tag":"a"},{"t":"03","x":363,"y":299,"w":32,"h":16,"lines":1,"tag":"span"},{"t":"04Ferry Landing","x":363,"y":338,"w":304,"h":30,"lines":1,"tag":"a"},{"t":"04","x":363,"y":349,"w":32,"h":16,"lines":1,"tag":"span"},{"t":"05Barbershop","x":363,"y":388,"w":304,"h":30,"lines":1,"tag":"a"},{"t":"05","x":363,"y":399,"w":32,"h":16,"lines":1,"tag":"span"},{"t":"The paintings · 10 works","x":20,"y":96,"w":680,"h":16,"lines":1,"tag":"p"},{"t":"The Museum · scroll to walk · drag to look · tap a paintingScroll to w","x":267,"y":316,"w":295,"h":32,"lines":1,"tag":"p"},{"t":"Skip the hall","x":20,"y":316,"w":186,"h":38,"lines":1,"tag":"button"}]
menu.closed "false"
menu.afterDown {"x":630,"y":34,"op":"0","vis":"visible","tr":"matrix(0.94, 0, 0, 0.94, 0, 12)"}
menu.afterUp {"x":628,"y":20,"op":"1","vis":"visible","tr":"none"}
console errors: []
--- exit 0 10:50:00
=== scripts/juror9-pages.mjs z720 10:50:00
home.burger null
bakery.burger {"label":"Open menu","expanded":"false","x":628,"y":20,"op":"1","vis":"visible","ptr":"auto"}
bakery.menuOpen {"label":"Open menu","expanded":"true","x":330,"y":20,"op":"1","vis":"visible","ptr":"auto"}
bakery.menuFloating [{"tag":"div","cls":"curtain-panel","t":"","x":0,"y":450,"w":720,"h":450},{"tag":"div","cls":"cnwm-menu-scrim","t":"","x":0,"y":0,"w":720,"h":450},{"tag":"div","cls":"cnwm-menu fixed top-[var(--ui-inset)] right-[var(--ui-inset)","t":"Home01Bakery02Commissioner’s Office03Gilbert Home0","x":330,"y":20,"w":370,"h":410}]
bakery.menuClosed {"label":"Open menu","expanded":"false","x":628,"y":20,"op":"1","vis":"visible","ptr":"auto"}
bakery.burgerAfterDown {"label":"Open menu","expanded":"false","x":630,"y":34,"op":"0","vis":"visible","ptr":"none"}
bakery.burgerAfterUp {"label":"Open menu","expanded":"false","x":628,"y":20,"op":"1","vis":"visible","ptr":"auto"}
mansion.burger {"label":"Open menu","expanded":"false","x":628,"y":20,"op":"1","vis":"visible","ptr":"auto"}
mansion.menuOpen {"label":"Open menu","expanded":"true","x":330,"y":20,"op":"1","vis":"visible","ptr":"auto"}
mansion.menuFloating [{"tag":"div","cls":"curtain-panel","t":"","x":0,"y":450,"w":720,"h":450},{"tag":"div","cls":"cnwm-menu-scrim","t":"","x":0,"y":0,"w":720,"h":450},{"tag":"div","cls":"cnwm-menu fixed top-[var(--ui-inset)] right-[var(--ui-inset)","t":"Home01Bakery02Commissioner’s Office03Gilbert Home0","x":330,"y":20,"w":370,"h":410}]
mansion.menuClosed {"label":"Open menu","expanded":"false","x":628,"y":20,"op":"1","vis":"visible","ptr":"auto"}
mansion.burgerAfterDown {"label":"Open menu","expanded":"false","x":630,"y":34,"op":"0","vis":"visible","ptr":"none"}
mansion.burgerAfterUp {"label":"Open menu","expanded":"false","x":628,"y":20,"op":"1","vis":"visible","ptr":"auto"}
ferry.burger {"label":"Open menu","expanded":"false","x":628,"y":20,"op":"1","vis":"visible","ptr":"auto"}
ferry.menuOpen {"label":"Open menu","expanded":"true","x":330,"y":20,"op":"1","vis":"visible","ptr":"auto"}
ferry.menuFloating [{"tag":"div","cls":"curtain-panel","t":"","x":0,"y":450,"w":720,"h":450},{"tag":"div","cls":"cnwm-menu-scrim","t":"","x":0,"y":0,"w":720,"h":450},{"tag":"div","cls":"cnwm-menu fixed top-[var(--ui-inset)] right-[var(--ui-inset)","t":"Home01Bakery02Commissioner’s Office03Gilbert Home0","x":330,"y":20,"w":370,"h":410}]
ferry.menuClosed {"label":"Open menu","expanded":"false","x":628,"y":20,"op":"1","vis":"visible","ptr":"auto"}
ferry.burgerAfterDown {"label":"Open menu","expanded":"false","x":630,"y":34,"op":"0","vis":"visible","ptr":"none"}
ferry.burgerAfterUp {"label":"Open menu","expanded":"false","x":628,"y":20,"op":"1","vis":"visible","ptr":"auto"}
map.burger {"label":"Open menu","expanded":"false","x":628,"y":358,"op":"1","vis":"visible","ptr":"auto"}
map.menuOpen {"label":"Open menu","expanded":"true","x":330,"y":20,"op":"1","vis":"visible","ptr":"auto"}
map.menuFloating [{"tag":"div","cls":"curtain-panel","t":"","x":0,"y":450,"w":720,"h":450},{"tag":"div","cls":"cnwm-menu-scrim","t":"","x":0,"y":0,"w":720,"h":450},{"tag":"div","cls":"cnwm-menu fixed bottom-[var(--ui-inset)] right-[var(--ui-ins","t":"Home01Bakery02Commissioner’s Office03Gilbert Home0","x":330,"y":20,"w":370,"h":410}]
map.menuClosed {"label":"Open menu","expanded":"true","x":330,"y":20,"op":"1","vis":"visible","ptr":"auto"}
map.burgerAfterDown {"label":"Open menu","expanded":"true","x":330,"y":20,"op":"1","vis":"visible","ptr":"auto"}
map.burgerAfterUp {"label":"Open menu","expanded":"true","x":330,"y":20,"op":"1","vis":"visible","ptr":"auto"}
people.burger {"label":"Open menu","expanded":"false","x":628,"y":20,"op":"1","vis":"visible","ptr":"auto"}
people.menuOpen {"label":"Open menu","expanded":"true","x":330,"y":20,"op":"1","vis":"visible","ptr":"auto"}
people.menuFloating [{"tag":"div","cls":"curtain-panel","t":"","x":0,"y":450,"w":720,"h":450},{"tag":"div","cls":"cnwm-menu-scrim","t":"","x":0,"y":0,"w":720,"h":450},{"tag":"div","cls":"cnwm-menu fixed top-[var(--ui-inset)] right-[var(--ui-inset)","t":"Home01Bakery02Commissioner’s Office03Gilbert Home0","x":330,"y":20,"w":370,"h":410}]
people.menuClosed {"label":"Open menu","expanded":"false","x":628,"y":20,"op":"1","vis":"visible","ptr":"auto"}
people.burgerAfterDown {"label":"Open menu","expanded":"false","x":630,"y":34,"op":"0","vis":"visible","ptr":"none"}
people.burgerAfterUp {"label":"Open menu","expanded":"false","x":628,"y":20,"op":"1","vis":"visible","ptr":"auto"}
paintings.burger {"label":"Open menu","expanded":"false","x":628,"y":20,"op":"1","vis":"visible","ptr":"auto"}
paintings.menuOpen {"label":"Open menu","expanded":"true","x":330,"y":20,"op":"1","vis":"visible","ptr":"auto"}
paintings.menuFloating [{"tag":"div","cls":"curtain-panel","t":"","x":0,"y":450,"w":720,"h":450},{"tag":"div","cls":"cnwm-menu-scrim","t":"","x":0,"y":0,"w":720,"h":450},{"tag":"div","cls":"cnwm-menu fixed top-[var(--ui-inset)] right-[var(--ui-inset)","t":"Home01Bakery02Commissioner’s Office03Gilbert Home0","x":330,"y":20,"w":370,"h":410},{"tag":"div","cls":"sticky top-0 h-dvh w-full overflow-hidden bg-primary-2","t":"The Museum · scroll to walk · drag to look · tap a","x":0,"y":296,"w":720,"h":450}]
paintings.menuClosed {"label":"Open menu","expanded":"false","x":628,"y":20,"op":"1","vis":"visible","ptr":"auto"}
paintings.burgerAfterDown {"label":"Open menu","expanded":"false","x":630,"y":34,"op":"0","vis":"visible","ptr":"none"}
paintings.burgerAfterUp {"label":"Open menu","expanded":"false","x":628,"y":20,"op":"1","vis":"visible","ptr":"auto"}
about.burger {"label":"Open menu","expanded":"false","x":628,"y":20,"op":"1","vis":"visible","ptr":"auto"}
about.menuOpen {"label":"Open menu","expanded":"true","x":330,"y":20,"op":"1","vis":"visible","ptr":"auto"}
about.menuFloating [{"tag":"div","cls":"curtain-panel","t":"","x":0,"y":450,"w":720,"h":450},{"tag":"div","cls":"cnwm-menu-scrim","t":"","x":0,"y":0,"w":720,"h":450},{"tag":"div","cls":"cnwm-menu fixed top-[var(--ui-inset)] right-[var(--ui-inset)","t":"Home01Bakery02Commissioner’s Office03Gilbert Home0","x":330,"y":20,"w":370,"h":410}]
about.menuClosed {"label":"Open menu","expanded":"false","x":628,"y":20,"op":"1","vis":"visible","ptr":"auto"}
about.burgerAfterDown {"label":"Open menu","expanded":"false","x":630,"y":34,"op":"0","vis":"visible","ptr":"none"}
about.burgerAfterUp {"label":"Open menu","expanded":"false","x":628,"y":20,"op":"1","vis":"visible","ptr":"auto"}
404nope.burger {"label":"Open menu","expanded":"false","x":628,"y":20,"op":"1","vis":"visible","ptr":"auto"}
404nope.menuOpen {"label":"Open menu","expanded":"true","x":330,"y":20,"op":"1","vis":"visible","ptr":"auto"}
404nope.menuFloating [{"tag":"div","cls":"curtain-panel","t":"","x":0,"y":450,"w":720,"h":450},{"tag":"div","cls":"cnwm-menu-scrim","t":"","x":0,"y":0,"w":720,"h":450},{"tag":"div","cls":"cnwm-menu fixed top-[var(--ui-inset)] right-[var(--ui-inset)","t":"Home01Bakery02Commissioner’s Office03Gilbert Home0","x":330,"y":20,"w":370,"h":410}]
404nope.menuClosed {"label":"Open menu","expanded":"false","x":628,"y":20,"op":"1","vis":"visible","ptr":"auto"}
404nope.burgerAfterDown {"label":"Open menu","expanded":"false","x":630,"y":34,"op":"0","vis":"visible","ptr":"none"}
404nope.burgerAfterUp {"label":"Open menu","expanded":"false","x":628,"y":20,"op":"1","vis":"visible","ptr":"auto"}
trailingSlash.url "https://makeitnotable.github.io/Charles-Nalle-Walking-Memorial/bakery"
mansion.footerFloating [{"tag":"div","cls":"curtain-panel","t":"","x":0,"y":450,"w":720,"h":450},{"tag":"div","cls":"fixed bottom-[var(--ui-inset)] left-[var(--ui-inset)] z-[999","t":"00:02","x":20,"y":368,"w":114,"h":62}]
mansion.footerCovered []
console errors: [
 {
  "url": "https://makeitnotable.github.io/Charles-Nalle-Walking-Memorial/404-nope",
  "text": "Failed to load resource: the server responded with a status of 404 ()"
 },
 {
  "url": "https://makeitnotable.github.io/Charles-Nalle-Walking-Memorial/bakery/",
  "text": "Failed to load resource: the server responded with a status of 404 ()"
 }
]
--- exit 0 10:51:35
ALL DONE 10:51:35
